time,VIS_320_mean_conc,VIS_320_mean_conc_hu_noise_std,VIS_320_mean_conc_roi_sensitivity_std,VIS_320_mean_conc_calibration_std,VIS_320_mean_conc_fixed_roi_std,VIS_320_mean_conc_fixed_roi_ci_low,VIS_320_mean_conc_fixed_roi_ci_high,VIS_320_mean_conc_combined_std,VIS_320_mean_conc_combined_ci_low,VIS_320_mean_conc_combined_ci_high,VIS_320_effective_diffusivity,VIS_320_effective_diffusivity_std,VIS_320_effective_diffusivity_hu_noise_std,VIS_320_effective_diffusivity_roi_sensitivity_std,VIS_320_effective_diffusivity_calibration_std,VIS_320_effective_diffusivity_fixed_roi_std,VIS_320_effective_diffusivity_fixed_roi_ci_low,VIS_320_effective_diffusivity_fixed_roi_ci_high,VIS_320_effective_diffusivity_combined_std,VIS_320_effective_diffusivity_combined_ci_low,VIS_320_effective_diffusivity_combined_ci_high,VIS_320_effective_diffusivity_ci_low,VIS_320_effective_diffusivity_ci_high,VIS_320_fitted_Cs,VIS_320_fitted_Cs_std,VIS_320_fitted_Cs_hu_noise_std,VIS_320_fitted_Cs_roi_sensitivity_std,VIS_320_fitted_Cs_calibration_std,VIS_320_fitted_Cs_fixed_roi_std,VIS_320_fitted_Cs_fixed_roi_ci_low,VIS_320_fitted_Cs_fixed_roi_ci_high,VIS_320_fitted_Cs_combined_std,VIS_320_fitted_Cs_combined_ci_low,VIS_320_fitted_Cs_combined_ci_high,VIS_320_fitted_Cs_ci_low,VIS_320_fitted_Cs_ci_high,VIS_320_fitted_velocity,VIS_320_fitted_velocity_std,VIS_320_fitted_velocity_hu_noise_std,VIS_320_fitted_velocity_roi_sensitivity_std,VIS_320_fitted_velocity_calibration_std,VIS_320_fitted_velocity_fixed_roi_std,VIS_320_fitted_velocity_fixed_roi_ci_low,VIS_320_fitted_velocity_fixed_roi_ci_high,VIS_320_fitted_velocity_combined_std,VIS_320_fitted_velocity_combined_ci_low,VIS_320_fitted_velocity_combined_ci_high,VIS_320_fitted_velocity_ci_low,VIS_320_fitted_velocity_ci_high,VIS_320_diffusion_curve,VIS_320_convection_curve,VIS_320_total_curve,VIS_320_mean_diffusive_flux_magnitude,VIS_320_peclet_number,VIS_320_peclet_characteristic_length_mm,VIS_320_mean_convection_fraction
0.0,6.246110764487336,0.07645507189661296,2.5549502632255567,0.011569184622789053,0.07732544245946761,6.09455289726678,6.397668631707893,2.5561201207313977,1.2361153278537973,11.256106201120875,,,,,0.0,0.0,,,0.0,,,,,,,,,0.0,0.0,,,0.0,,,,,0.0,,0.0,0.0,0.0,0.0,0.0,0.0,0.0,0.0,0.0,,,,,,,,,
0.16666666666666666,6.39280551765689,0.06629814418997987,2.5575815123456915,0.011419210804435916,0.06727438069898159,6.260947731486886,6.524663303826894,2.5584661488069185,1.37821186599533,11.407399169318449,0.010888447597743942,0.00018819007134610258,0.00020042738018659316,0.003871120056167697,2.168827232347253e-05,0.00027578437018455093,0.010347910232182221,0.011428984963305662,0.0038809312681496798,0.00328182231217057,0.018495072883317313,0.010519601835657557,0.011257293359830327,41.13277100243228,0.23201698020398592,0.36663780442865346,11.245601412139443,0.03262254085002068,0.43510847947466114,40.279958382661945,41.98558362220261,11.254015750372103,19.074900131702957,63.190641873161596,40.67802607743072,41.587515927433834,0.0,,0.0,0.0,0.0,0.0,0.0,0.0,0.0,0.0,0.0,,,0.24430385865628176,,0.24430385865628176,0.16922276047216722,0.0,0.664,
0.3333333333333333,6.699668844063755,0.10167083391482279,2.5916762410788543,0.012270649669389191,0.10240862909073806,6.498947931045908,6.9003897570816015,2.593698761592191,1.6160192713430606,11.78331841678445,0.005779644141666312,0.00013349082611239016,0.00019144928586797548,0.0019653471559142426,1.1659736488499813e-05,0.0002336847859200668,0.005321621961262981,0.006237666322069643,0.0019791912546367795,0.0019004292825782242,0.009658859000754399,0.005518006930219528,0.006041281353113096,41.73954299004513,0.3161171326695126,0.37860496823631384,11.191053251416792,0.03284149673597043,0.49431804281077296,40.770679626136015,42.708406353954246,11.201965149182291,19.78369129764784,63.69539468244242,41.119964795116815,42.359121184973446,0.0,,0.0,0.0,0.0,0.0,0.0,0.0,0.0,0.0,0.0,,,0.12901838219252298,,0.12901838219252298,0.09115686454322819,0.0,0.664,
0.5,6.716640993711297,0.06347446107575988,2.6200305502739236,0.011598019508796938,0.06452535366338251,6.590171300531067,6.843110686891527,2.6208249856932575,1.579824021752513,11.853457965670081,0.003818468568505814,5.848539799622747e-05,9.069630061317182e-05,0.0013524946501789576,7.244482754826833e-06,0.00010816119107183012,0.0036064726340050268,0.004030464503006601,0.0013568126702005615,0.0011591157349127132,0.006477821402098915,0.003703839294811717,0.0039330978421999105,42.523336702005864,0.21341712311749916,0.3316834183434988,11.160247418030947,0.03360258495189995,0.39584074090374766,41.74748884983452,43.29918455417721,11.167265212388648,20.635496885724116,64.41117651828762,42.105046827011414,42.941626577000314,0.0,,0.0,0.0,0.0,0.0,0.0,0.0,0.0,0.0,0.0,,,0.0849415058900949,,0.0849415058900949,0.06098547246473754,0.0,0.664,
0.6666666666666666,6.940487190402676,0.07631616021737901,2.6408674785872175,0.01135848244067613,0.07715679771530057,6.789259866880687,7.091714513924665,2.641994362388627,1.7621782401209671,12.118796140684385,0.0030229884540645268,5.230240338202381e-05,9.537482732586867e-05,0.0010317745667783327,5.7626673500040025e-06,0.00010892707387037441,0.0028094913892785928,0.0032364855188504607,0.0010375084886749496,0.0009894718162616256,0.005056505091867428,0.002920477627130874,0.0031254992809981795,42.88661845003902,0.24415569604006077,0.21414661687896203,11.039275805577777,0.033746399859655794,0.3265112508520943,42.24665639836892,43.52658050170913,11.044103399939168,21.240175786158254,64.53306111391979,42.4080820791802,43.36515482089785,0.0,,0.0,0.0,0.0,0.0,0.0,0.0,0.0,0.0,0.0,,,0.06626094272074885,,0.06626094272074885,0.048623087868864885,0.0,0.664,
0.8333333333333334,7.016317512391618,0.05732023950109511,2.639476418367733,0.011993903702818231,0.058561622095834924,6.901536733083781,7.1310982916994545,2.6401259868994607,1.8416705780686753,12.19096444671456,0.0024816309642221807,4.241924756557959e-05,7.618058610068832e-05,0.0008224236549365714,4.795211645093431e-06,8.732621781226734e-05,0.002310471577310137,0.0026527903511342245,0.0008270468768556135,0.0008606190855851782,0.004102642842859184,0.0023984907667423563,0.002564771161702005,42.80186772567109,0.24121297132178932,0.36553602377998684,10.993919442256866,0.03361669605864225,0.43923839138748855,41.94096047855161,43.662774972790565,11.002690355876702,21.23659462815275,64.36714082318943,42.32909898927649,43.274636462065686,0.0,,0.0,0.0,0.0,0.0,0.0,0.0,0.0,0.0,0.0,,,0.05419961562928274,,0.05419961562928274,0.03987931468432752,0.0,0.664,
1.0,7.2176681280676505,0.1036373378207502,2.6608095732550767,0.013278000712283048,0.10448446340718646,7.012878579789565,7.4224576763457355,2.6628602269400754,1.9984620832651023,12.436874172870198,0.0021085099283746976,3.8496782541330616e-05,4.653912710892057e-05,0.0007168081441628677,3.9390771643022585e-06,6.0526101369583446e-05,0.001989878769690314,0.002227141087059081,0.0007193589677519949,0.0006985663515807876,0.003518453505168608,0.0020330576210730194,0.0021839622356763758,43.57782301644926,0.26270021297469687,0.3381803587069319,10.833357601084257,0.034209166849585006,0.4295900650720905,42.73582648890796,44.419819543990556,10.841871818877896,22.32775425144858,64.82789178144994,43.06294006028785,44.092705972610666,0.0,,0.0,0.0,0.0,0.0,0.0,0.0,0.0,0.0,0.0,,,0.045300889274035666,,0.045300889274035666,0.03426173708868299,0.0,0.664,
1.1666666666666667,7.460750254664432,0.08827248045700496,2.6873735412285695,0.012667216710198973,0.0891767300657266,7.285963863735607,7.635536645593256,2.68885273662962,2.190598890870376,12.730901618458487,0.0019140855269003368,3.961529719172836e-05,5.5746482947173644e-05,0.0006212480918351545,3.6311751653534424e-06,6.848523611443537e-05,0.0017798544641160435,0.0020483165896846302,0.0006250115352331271,0.0006890629178434077,0.003139108135957266,0.0018364409711676985,0.0019917300826329753,43.925872373398,0.3014499946946659,0.5208119887879666,10.747718491095672,0.03429238274289554,0.6027380811603631,42.74450573432369,45.10723901247231,10.764606168286916,22.827244283555647,65.02450046324036,43.335041240656665,44.516703506139336,0.0,,0.0,0.0,0.0,0.0,0.0,0.0,0.0,0.0,0.0,,,0.040609076888142664,,0.040609076888142664,0.03136845295241968,0.0,0.8300000000000001,
1.3333333333333333,7.44710721400348,0.06508129503815936,2.7082299205577822,0.012206486862027043,0.0662161104668402,7.317323637488473,7.576890790518487,2.7090392902078344,2.137390205196124,12.756824222810835,0.0016484365934813009,2.796878538301602e-05,3.29373641193785e-05,0.0005551590402692203,3.008011044673387e-06,4.3314790099671614e-05,0.0015635396048859446,0.0017333335820766572,0.0005568462364369723,0.0005570179700648352,0.0027398552168977665,0.0015936187814392592,0.0017032544055233425,44.51612834711078,0.2501527818729057,0.2882541732867505,10.745557998673375,0.0348322161235731,0.38324948268205244,43.764959361053954,45.267297333167605,10.752390286295853,23.441443385970906,65.59081330825066,44.02583790400738,45.00641879021418,0.0,,0.0,0.0,0.0,0.0,0.0,0.0,0.0,0.0,0.0,,,0.034888328109962036,,0.034888328109962036,0.02725731100504454,0.0,0.8300000000000001,
1.5,7.546610077917806,0.08794424652535512,2.709283534909593,0.01245284306016044,0.08882152778011321,7.372519883468784,7.720700272366828,2.7107391125538833,2.2335614173121945,12.859658738523418,0.0015122581381217272,2.4206469796397143e-05,4.203175452246119e-05,0.0004953895842717338,2.747294567256931e-06,4.8581572593727384e-05,0.0014170382558380216,0.0016074780204054328,0.0004977660187282784,0.0005366367414143015,0.002487879534829153,0.0014648143291279322,0.0015597019471155222,44.510557180243154,0.23651473889078217,0.3001063500617217,10.661323526533382,0.03483621028916499,0.3836881606295071,43.75852838540932,45.26258597507699,10.668225529206882,23.600835142997663,65.42027921748864,44.04699681020433,44.97411755028198,0.0,,0.0,0.0,0.0,0.0,0.0,0.0,0.0,0.0,0.0,,,0.03182539315546958,,0.03182539315546958,0.025011770933692334,0.0,0.8300000000000001,
1.6666666666666667,7.660036536077336,0.08279015565932356,2.734043428291018,0.012305144244995864,0.08369962036344716,7.495985280164979,7.824087791989693,2.735324312440901,2.29880088369317,13.021272188461502,0.0013724310359286658,2.1801901295412012e-05,3.411944623664971e-05,0.0004574167405173441,2.4447457817325162e-06,4.0563977782360264e-05,0.0012929256394752396,0.001451936432382092,0.00045921183651887625,0.0004723758363516683,0.0022724862355056634,0.001329700094595161,0.0014151619772621706,45.16752044388197,0.23833204176401077,0.2647923989707445,10.60569044221604,0.03530369954805368,0.3579993406221069,44.46584173626264,45.8691991515013,10.611730927798657,24.3685278253966,65.96651306236734,44.70039822566261,45.63464266210133,0.0,,0.0,0.0,0.0,0.0,0.0,0.0,0.0,0.0,0.0,,,0.02871301048579393,,0.02871301048579393,0.02295243270031684,0.0,0.8300000000000001,
1.8333333333333333,7.7110352118580066,0.10161502435130254,2.727569171568048,0.012315976285433848,0.10235866570925578,7.5104122270678655,7.911658196648148,2.729489124751038,2.361236527345972,13.060833896370042,0.0012799679517743626,2.029812685022304e-05,3.141750270634814e-05,0.00041075690794792433,2.33240685089496e-06,3.747684020364097e-05,0.0012065133449752263,0.0013534225585734988,0.00041246302983247943,0.00047154041330270294,0.0020883954902460224,0.0012401843541943,0.001319751549354425,44.880926497257114,0.23684853394526462,0.21206100202588168,10.592459270563825,0.035013567292620916,0.31983284150755537,44.25405412790231,45.50779886661192,10.597286749213703,24.110244468798257,65.65160852571597,44.41671190093329,45.34514109358094,0.0,,0.0,0.0,0.0,0.0,0.0,0.0,0.0,0.0,0.0,,,0.026707697858735575,,0.026707697858735575,0.021327732207766945,0.0,0.8300000000000001,
2.0,7.83578925366502,0.08083319821976684,2.7379161312279297,0.012389236019023274,0.08177713068805471,7.675506077516433,7.996072429813607,2.739137134343895,2.467080470350986,13.204498036979054,0.0012037896979153785,1.8608212289291335e-05,2.6826004582073812e-05,0.00038596173977763535,2.168902822658259e-06,3.27200890263904e-05,0.0011396583234236533,0.0012679210724071037,0.0003873461872770584,0.00044459117085234403,0.001962988224978413,0.001167318272011692,0.0012402611238190651,45.20273717141531,0.23295095828474563,0.4628611990160917,10.445865862577422,0.03524500019982305,0.519373515458269,44.1847650811171,46.220709261713516,10.458769644060425,24.703548669056875,65.70192567377374,44.74616168301311,45.6593126598175,0.0,,0.0,0.0,0.0,0.0,0.0,0.0,0.0,0.0,0.0,,,0.024621862993364916,,0.024621862993364916,0.020109081990118138,0.0,0.8300000000000001,
2.3333333333333335,8.069900296295039,0.10649800683826946,2.751520769683642,0.012841257763265918,0.10726939620165075,7.859652279739803,8.280148312850274,2.7536109509808986,2.6728228323724776,13.466977760217599,0.0010798325759955548,1.844311766054531e-05,3.055885531185528e-05,0.0003429373344218574,1.9337569531199712e-06,3.5745372329371027e-05,0.0010097716462299875,0.0011498935057611221,0.0003447952247107466,0.00040403393556249145,0.0017556312164286182,0.0010436847296182515,0.0011159804223728582,45.66472900274902,0.26084981573675015,0.31985029397505443,10.222190803927358,0.03551728555558744,0.4142563391175353,44.85278657807865,46.47667142741939,10.230581271188656,25.612789711219254,65.71666829427879,45.15347275853108,46.17598524696696,0.0,,0.0,0.0,0.0,0.0,0.0,0.0,0.0,0.0,0.0,,,0.021793665074267925,,0.021793665074267925,0.018139275501880197,0.0,0.8300000000000001,
2.6666666666666665,8.264310801315501,0.07107048951486165,2.755348128048255,0.012957281823629312,0.07224199355042063,8.122716493956677,8.405905108674325,2.7562950154820443,2.8619725709706945,13.666649031660308,0.0009976150308010291,1.5607256580443834e-05,2.611372002457242e-05,0.00030548810394166287,1.770254772820955e-06,3.047370396670312e-05,0.000937886571026291,0.0010573434905757672,0.00030700428056188806,0.0003958866408997286,0.0015993434207023298,0.0009670253700058835,0.0010282046915961749,45.78987655552265,0.240483633573913,0.34009650076596193,10.034318444918044,0.03561498476506784,0.4180507564757897,44.970497072830106,46.6092560382152,10.043023105072121,26.105551269581294,65.47420184146401,45.31853729484646,46.26121581619885,0.0,,0.0,0.0,0.0,0.0,0.0,0.0,0.0,0.0,0.0,,,0.019745457790042144,,0.019745457790042144,0.01677566868220086,0.0,0.8300000000000001,
3.0,8.456266916184514,0.07534745261300947,2.7849807525340524,0.012769221182510731,0.0764218007173188,8.30648018677857,8.606053645590459,2.786029088794662,2.995649902146977,13.916883930222053,0.0009073501309988922,1.4415136254803782e-05,2.673086845051291e-05,0.0002756493618356828,1.5897511800603525e-06,3.041155685225089e-05,0.0008477434795684805,0.0009669567824293039,0.0002773218950436422,0.00036379921671335347,0.0014509010452844308,0.0008790969831072392,0.0009356032788905452,46.396670552370196,0.24783119341432772,0.5176632189133159,10.025888470893761,0.036010062826929506,0.5750584607408754,45.26955596931808,47.523785135422315,10.04236684572268,26.71363153475374,66.07970956998665,45.91093033903253,46.88241076570786,0.0,,0.0,0.0,0.0,0.0,0.0,0.0,0.0,0.0,0.0,,,0.018019018432092623,,0.018019018432092623,0.015443143945246436,0.0,0.8300000000000001,
3.3333333333333335,8.670766912245503,0.06734165077556357,2.7948306446070434,0.013188402304333938,0.0686209289103472,8.536269891581222,8.805263932909783,2.7956729357918713,3.1912479580934354,14.15028586639757,0.000853601104039356,1.3706303334206066e-05,1.7940667615556897e-05,0.0002537376591572576,1.4888881810855106e-06,2.2626247890380243e-05,0.0008092536581742107,0.0008979485499045013,0.00025474447347921325,0.000354301936020098,0.001352900272058614,0.0008267372431431308,0.0008804649649355812,46.67905643213318,0.2527512251235039,0.4456269468158329,9.863913012219658,0.03617844471746536,0.5135907294646274,45.67241860238251,47.68569426188385,9.8772746924457,27.319598034939606,66.03851482932676,46.18367313384274,47.17443973042362,0.0,,0.0,0.0,0.0,0.0,0.0,0.0,0.0,0.0,0.0,,,0.016700273495058208,,0.016700273495058208,0.014583232653069066,0.0,0.8300000000000001,
3.6666666666666665,8.8254012520609,0.10461559401571453,2.8104040608168774,0.013321207708831048,0.10546031047784103,8.61869904352433,9.032103460597469,2.812382061908033,3.3131324107211553,14.337670093400643,0.0007937993827963043,1.4111957191547528e-05,1.4551277789846349e-05,0.0002324427802323677,1.3912679751306179e-06,2.0318037495584306e-05,0.000753976029304959,0.0008336227362876496,0.00023332909962073904,0.00033647434753965576,0.0012511244180529529,0.0007661404549495002,0.0008214583106431084,46.93669235053172,0.2817998519791424,0.34658778280477126,9.84141962354399,0.03628844678709153,0.44816414307172486,46.05829063011114,47.815094070952306,9.85161871500374,27.627519669124393,66.24586503193905,46.384374789803886,47.48900991125956,0.0,,0.0,0.0,0.0,0.0,0.0,0.0,0.0,0.0,0.0,,,0.015532028150359499,,0.015532028150359499,0.01362547518592242,0.0,0.8300000000000001,
4.0,8.936816086699427,0.06819480581128037,2.8107109044024288,0.01301414003511252,0.06942549517642463,8.800742116153634,9.07289005724522,2.811568190086666,3.426142434129562,14.44748973926929,0.0007503121461498383,1.1332151233508368e-05,1.909340876222526e-05,0.00022243806474707637,1.2508065125293514e-06,2.2238264920454368e-05,0.0007067251469057477,0.0007938991453939288,0.0002235469370738433,0.0003121601494851054,0.0011884641428145711,0.0007281015378648008,0.0007725227544348758,47.32045497008714,0.24184368581088542,0.34997314850085975,9.543174957189722,0.036754948442709455,0.4269900458713591,46.48355448017928,48.157355459995,9.552722583787633,28.59711870586338,66.0437912343109,46.84645005600939,47.794459884164894,0.0,,0.0,0.0,0.0,0.0,0.0,0.0,0.0,0.0,0.0,,,0.014372862075147576,,0.014372862075147576,0.012886898080925847,0.0,0.8300000000000001,
4.333333333333333,9.303939003963023,0.09570131314172213,2.836831997880932,0.0161006189775546,0.09704623263429832,9.1137283879998,9.494149619926247,2.8384914577059472,3.7404957468593674,14.86738226106668,0.0007204908061817793,1.3124322925366653e-05,1.3331621085856392e-05,0.0002105077766176946,1.2331798478920563e-06,1.874835207593997e-05,0.0006837440361129369,0.0007572375762506217,0.00021134101523861528,0.00030626241631409335,0.0011347191960494653,0.0006947676059265872,0.0007462140064369713,47.937372317094336,0.29623291057242973,0.2735805855069096,9.468384292779552,0.0369604276047609,0.40492758276171237,47.14371425488138,48.73103037930729,9.477038960721634,29.362375954079933,66.51236868010874,47.3567664813369,48.517978152851775,0.0,,0.0,0.0,0.0,0.0,0.0,0.0,0.0,0.0,0.0,,,0.013865712365660811,,0.013865712365660811,0.012489337280982721,0.0,0.996,
4.666666666666667,9.372119127663519,0.10466280118379796,2.8378090919861187,0.014305822121543658,0.10563597161105902,9.165072623305843,9.579165632021194,2.8397745334898143,3.806161042023483,14.938077213303554,0.000688270139368766,1.2495424736473241e-05,1.2110244115167673e-05,0.00019715339271191617,1.1712784996247352e-06,1.744034246216237e-05,0.0006540870681429277,0.0007224532105946043,0.0001979232826198488,0.0003003405054338624,0.0010761997733036697,0.0006637795569137476,0.0007127607218237844,47.945583504102615,0.29581907137656194,0.21972190745327452,9.372146934530782,0.036986076612686394,0.37034390702183323,47.21970944633982,48.67145756186541,9.37946121970249,29.561839513485733,66.3293274947195,47.365788778264466,48.52537822994076,0.0,,0.0,0.0,0.0,0.0,0.0,0.0,0.0,0.0,0.0,,,0.012986604276929003,,0.012986604276929003,0.011960050970347368,0.0,0.996,
5.0,9.52026337036794,0.07125806290427239,2.850729719161857,0.014536376508708657,0.07272563351990946,9.377721128668918,9.662805612066963,2.851657228609973,3.931015202292394,15.109511538443488,0.0006614753233540376,1.064213885783106e-05,1.2471035625142821e-05,0.00018572975460063966,1.1223588425035044e-06,1.6432940649934963e-05,0.0006292667596801651,0.0006936838870279101,0.0001864553117570484,0.0002960229123102227,0.0010269277343978524,0.0006406171144742145,0.0006823335322338606,48.141999491366036,0.2637029849030235,0.34994073223211264,9.30381691346798,0.037105259271690776,0.43974376696836853,47.280101708108035,49.00389727462404,9.314203333614763,29.8861609574811,66.39783802525098,47.6251511383404,48.65884784439167,0.0,,0.0,0.0,0.0,0.0,0.0,0.0,0.0,0.0,0.0,,,0.012383932788786514,,0.012383932788786514,0.011519797342128804,0.0,0.996,
5.333333333333333,9.64081696059302,0.11061059180513472,2.8712055079291816,0.01497657243398755,0.11161989402141811,9.42204196831104,9.859591952874998,2.873374335081355,4.009003263833563,15.272630657352476,0.0006235100433091156,1.0420089887921337e-05,1.2036093905805833e-05,0.0001748103259904001,1.0468016267835386e-06,1.5954360639886935e-05,0.0005922394964549372,0.000654780590163294,0.00017553686705731517,0.0002794577838767779,0.0009675623027414534,0.0006030870424131198,0.0006439330442051114,48.516907489795635,0.27614806198547703,0.42144724467684297,9.346639484271591,0.037369675387102265,0.5052445198342829,47.52662823092044,49.50718674867083,9.360285341471556,30.170748220511385,66.86306675907989,47.975667233903565,49.058147745687705,0.0,,0.0,0.0,0.0,0.0,0.0,0.0,0.0,0.0,0.0,,,0.011780948391096398,,0.011780948391096398,0.010933579260077795,0.0,0.996,
5.666666666666667,9.83864933240262,0.06377926915442107,2.889820571521878,0.014915122921635824,0.06550004630257596,9.71026924164957,9.967029423155669,2.8905627811304626,4.173146281386913,15.504152383418326,0.000601282509199969,1.0399501541507627e-05,1.3292816738960177e-05,0.0001708945203979693,9.856168032434265e-07,1.6906213344514354e-05,0.0005681463310447209,0.0006344186873552172,0.00017172873129357879,0.0002646941958645546,0.0009378708225353835,0.0005808998607214454,0.0006216651576784927,49.17527006968301,0.29010065043150113,0.2703189179016026,9.163824968804173,0.037863120875868406,0.39832690177633495,48.394549342201394,49.955990797164624,9.172477984686447,31.197213219697574,67.15332691966844,48.60668324294562,49.7438568964204,0.0,,0.0,0.0,0.0,0.0,0.0,0.0,0.0,0.0,0.0,,,0.011580269879397687,,0.011580269879397687,0.010627333964352646,0.0,0.996,
6.0,10.003477210615888,0.08356596122492455,2.8868255835898022,0.015429171905470737,0.08497840443979965,9.83691953791388,10.170034883317895,2.888076051507255,4.342848149661667,15.664106271570109,0.0005873821452686403,1.0841631674919259e-05,1.2388827060219732e-05,0.00016579019580529938,9.54031681062029e-07,1.649042721554282e-05,0.0005550609079261764,0.0006197033826111042,0.0001666082927555247,0.0002608298914678119,0.0009139343990694688,0.0005661329376521499,0.0006086313528851307,49.389591434274124,0.3115763088149816,0.2046878592443905,8.96496721082346,0.03802730939971181,0.37473055946506634,48.65511953772259,50.124063330825656,8.972795555641328,31.80291214521712,66.97627072333113,48.77891309056083,50.00026977798742,0.0,,0.0,0.0,0.0,0.0,0.0,0.0,0.0,0.0,0.0,,,0.011210497290243891,,0.011210497290243891,0.010381603800280774,0.0,0.996,
6.333333333333333,10.069017601515638,0.10557021011165736,2.872903367054082,0.014206752812583337,0.1065218338581219,9.860234807153718,10.277800395877557,2.8748775030458567,4.434257695545759,15.703777507485515,0.000580751636123493,9.38581188377759e-06,9.358926629264182e-06,0.00015532909855095993,9.541137773576965e-07,1.3288841389291793e-05,0.000554705507000481,0.0006067977652465049,0.00015589651106462767,0.00027519447443682276,0.0008863087978101631,0.0005623557828656209,0.000599147489381365,48.81897445564658,0.270351370152684,0.36558714793170655,8.905177306717869,0.03762211223859095,0.4562447253454731,47.924734793969456,49.71321411732371,8.916857188129038,31.34193436691367,66.29601454437949,48.28909550697627,49.3488534043169,0.0,,0.0,0.0,0.0,0.0,0.0,0.0,0.0,0.0,0.0,,,0.01067430294787771,,0.01067430294787771,0.010184305221374436,0.0,0.996,
6.666666666666667,10.281483758166203,0.0843578219558897,2.889456504793709,0.015019794400429958,0.0856845163899101,10.11354210604198,10.449425410290427,2.8907266784398087,4.6156594684241785,15.947308047908228,0.0005650610521276572,9.971746499236793e-06,1.2792461454823707e-05,0.0001528337123365963,9.038004924260824e-07,1.6244988570273024e-05,0.000533220874529922,0.0005969012297253923,0.0001536946429783217,0.0002638195518901467,0.0008663025523651677,0.0005455167881261896,0.0005846053161291247,49.42150385559195,0.2992669307814566,0.4048988821767698,8.7352425936537,0.038100493925931955,0.5049311322197818,48.43183883644118,50.41116887474272,8.749823919272123,32.27184897381859,66.57115873736531,48.83495144949645,50.00805626168745,0.0,,0.0,0.0,0.0,0.0,0.0,0.0,0.0,0.0,0.0,,,0.010369292557938357,,0.010369292557938357,0.00996361475309842,0.0,0.996,
7.0,10.435297655470578,0.06823257489679349,2.906339207417442,0.015582438053512525,0.06998926098151122,10.298118703946816,10.57247660699434,2.9071818115186026,4.737221304894117,16.13337400604704,0.0005484681747057735,8.005481195215215e-06,5.622363745150516e-06,0.00014407785797963823,8.891051473216335e-07,9.822892202030989e-06,0.0005292153059897927,0.0005677210434217542,0.00014441232070434132,0.0002654200261252645,0.0008315163232862825,0.000532777719884239,0.0005641586295273079,49.58725493980455,0.24862890448409294,0.29110492190311776,8.82344393335328,0.0381220277727368,0.3847228829985108,48.83319808912747,50.34131179048163,8.831827361408934,32.27687331144304,66.89763656816606,49.09995124150008,50.074558638109025,0.0,,0.0,0.0,0.0,0.0,0.0,0.0,0.0,0.0,0.0,,,0.01012004025448175,,0.01012004025448175,0.009737819356026023,0.0,0.996,
7.333333333333333,10.457685467861822,0.0724161863306195,2.904467157828083,0.014871336323105624,0.07392740146052695,10.31278776099919,10.602583174724455,2.905407842556471,4.763086096451139,16.152284839272504,0.0005276311556881806,9.308598335449005e-06,1.0601196920980867e-05,0.00014160711045114243,8.249846940491261e-07,1.413209039291617e-05,0.0004999322585180649,0.0005553300528582963,0.00014231053969820928,0.00024870249787969044,0.0008065598134966708,0.0005093866382041511,0.0005458756731722102,49.830526610134086,0.30212727535454115,0.3475474751417341,8.639103601877558,0.03844127507488498,0.4621123993358499,48.924786307435824,50.73626691283235,8.651454150233572,32.873676475676284,66.78737674459188,49.23836803169197,50.4226851885762,0.0,,0.0,0.0,0.0,0.0,0.0,0.0,0.0,0.0,0.0,,,0.009718187929616139,,0.009718187929616139,0.009374207158348118,0.0,0.996,
7.666666666666667,10.582816472719712,0.0810682940681862,2.9028647590842875,0.015577996940089265,0.08255145239056273,10.421015626034208,10.744617319405215,2.904038317898934,4.890901369637801,16.274731575801624,0.0005153211221677619,8.429245823461542e-06,8.13721242153241e-06,0.00013592258383052965,8.187728588846734e-07,1.1744649851738081e-05,0.0004923016084583553,0.0005383406358771685,0.00013642904967530665,0.0002479201848041609,0.0007827220595313629,0.0004988001039369426,0.0005318421403985813,49.826783219446135,0.28043572492732805,0.33014452321246984,8.604973270706395,0.038353149411290255,0.43486844688074316,48.97444106355988,50.67912537533239,8.615954709471492,32.93951198888201,66.71405445001025,49.27713929861019,50.37642714028208,0.0,,0.0,0.0,0.0,0.0,0.0,0.0,0.0,0.0,0.0,,,0.009455690711776148,,0.009455690711776148,0.009157297348593125,0.0,0.996,
8.0,10.841928356005178,0.09466254844250246,2.9162916853123315,0.016016676420180308,0.09600797884122905,10.653752717476369,11.030103994533988,2.9178716088654446,5.122900002628907,16.56095670938145,0.0005139579199918565,8.890237640985186e-06,1.1098436020795042e-05,0.0001335499813421874,8.237190065529292e-07,1.4243950309609595e-05,0.00048603977738502166,0.0005418760625986913,0.00013430743701270317,0.00025071534344695825,0.0007772004965367547,0.0004965333744015232,0.0005313824655821897,50.12673044541407,0.29901690839626915,0.3534023736391774,8.457461824439852,0.03847630951062987,0.464526399243601,49.21625870289661,51.03720218793153,8.47020928238799,33.52512025193361,66.72834063889454,49.54066807418887,50.712792816639265,0.0,,0.0,0.0,0.0,0.0,0.0,0.0,0.0,0.0,0.0,,,0.009366134608485796,,0.009366134608485796,0.009155611170323768,0.0,0.996,
8.333333333333334,10.882122232739665,0.05251408414176816,2.9289991636450026,0.014974506181216565,0.05460737009433799,10.775091787354762,10.989152678124567,2.9295081610232367,5.140286237134121,16.62395822834521,0.0004947243076270246,8.82670465430829e-06,7.3452891274181554e-06,0.00012978184081693405,7.728097156994697e-07,1.1509179913288109e-05,0.00047216631499697993,0.0005172823002570693,0.00013029116404464442,0.0002393536260995216,0.0007500949891545277,0.0004774242844024083,0.0005120243308516409,50.46502687957667,0.3105499800550705,0.3470399138512123,8.413920146027325,0.038799643855185244,0.467315101704782,49.54908928023529,51.380964478918045,8.4268876596289,33.948327066704024,66.98172669244931,49.8563601032691,51.07369365588424,0.0,,0.0,0.0,0.0,0.0,0.0,0.0,0.0,0.0,0.0,,,0.00909995285599353,,0.00909995285599353,0.008855382544447557,0.0,0.996,
8.666666666666666,11.011491172688288,0.0573484919809,2.9177049234188184,0.015731350737744596,0.05946700705868162,10.894935838853272,11.128046506523305,2.9183108719036306,5.2916018637571725,16.731380481619404,0.0004925324243824449,8.353645937070656e-06,1.1086613908110559e-05,0.00012537981593365916,7.813092260375975e-07,1.3903483466244675e-05,0.00046528159678860536,0.0005197832519762845,0.0001261483455938063,0.0002452816670185846,0.0007397831817463052,0.0004761595792061871,0.0005089052695587028,50.19057840280358,0.29417703839033343,0.42749132564491743,8.315627887422846,0.0385544103902583,0.5203608420877738,49.17067115231154,51.21048565329562,8.331893096293472,33.860067934068375,66.52108887153878,49.61400200247987,50.76715480312729,0.0,,0.0,0.0,0.0,0.0,0.0,0.0,0.0,0.0,0.0,,,0.008817489718462126,,0.008817489718462126,0.008773042881291403,0.0,1.1620000000000001,
9.0,11.121998254922621,0.11729171953993298,2.9282329039907347,0.015746347064948863,0.11834396866137335,10.89004407634633,11.353952433498913,2.9306233526218506,5.377976483783795,16.86602002606145,0.0004822448558890772,7.416259855133934e-06,8.722497989651249e-06,0.00012085656759902611,7.517865991599158e-07,1.1473799044301662e-05,0.00045975620976224595,0.0005047335020159085,0.0001213999917476397,0.0002443008720637034,0.000720188839714451,0.0004677092536730245,0.0004967804581051299,50.39917123676178,0.26809143046170025,0.4276635529270164,8.318992886336426,0.03875594000770687,0.5062323107774144,49.40695590763805,51.39138656588551,8.334381428479928,34.063783636941125,66.73455883658244,49.87372168849302,50.92462078503054,0.0,,0.0,0.0,0.0,0.0,0.0,0.0,0.0,0.0,0.0,,,0.008633135390940384,,0.008633135390940384,0.008623579333268575,0.0,1.1620000000000001,
9.333333333333334,11.159794823990929,0.08256331530811467,2.940092108235002,0.015172733559373403,0.08394589256378718,10.995260874565906,11.324328773415951,2.941290281115428,5.39486587300469,16.924723774977167,0.00046273975161580235,8.474292164923575e-06,6.6538161048124915e-06,0.0001188024627253908,7.093685179232705e-07,1.0797689574504716e-05,0.0004415762800497731,0.0004839032231818316,0.00011929214244771211,0.00022892715241828662,0.0006965523508133181,0.00044613044417808216,0.00047934905905352255,50.77818730540528,0.32156494089334164,0.34146747847512166,8.250622143317264,0.03906221142407439,0.470669636187884,49.85567481847703,51.70069979233354,8.26403628127481,34.58067619410666,66.9756984167039,50.14793160256358,51.408443008246984,0.0,,0.0,0.0,0.0,0.0,0.0,0.0,0.0,0.0,0.0,,,0.008324340722866688,,0.008324340722866688,0.008309044763463978,0.0,1.1620000000000001,
9.666666666666666,11.38196626327426,0.06766551251060743,2.936089304697293,0.015920443651489605,0.06951317939343177,11.245720431663134,11.518212094885385,2.9369120666555917,5.6256186126292995,17.13831391391922,0.00046581861404779656,8.401508888018125e-06,7.945480543752125e-06,0.00011661252220366453,7.216062137183429e-07,1.1586057491410443e-05,0.0004431099413646321,0.000488527286730961,0.00011718667613212015,0.00023613272882884106,0.0006955044992667521,0.00044935195921148787,0.00048228526888410524,50.72926467833033,0.3171093607997115,0.3337238279842945,8.109218543672316,0.03897068153544852,0.46200503686716443,49.82373480607069,51.63479455058997,8.122368745823449,34.80942193651637,66.64910742014429,50.107741752002376,51.35078760465829,0.0,,0.0,0.0,0.0,0.0,0.0,0.0,0.0,0.0,0.0,,,0.0081956156918834,,0.0081956156918834,0.008349776089219147,0.0,1.1620000000000001,
10.0,11.465295974274431,0.06516201540765902,2.9444303302150963,0.015761089068650494,0.06704103355869392,11.333895548499392,11.59669640004947,2.9451934519944865,5.692716808365238,17.237875140183625,0.0004555611925921499,9.152505528345357e-06,5.044898824646742e-06,0.00011437979805812445,6.9247124712737e-07,1.0473723216956448e-05,0.0004350326950869153,0.0004760896900973845,0.00011485833483836837,0.00023043885630894792,0.0006806835288753519,0.00043762261138828926,0.00047349977379601056,51.01739415423644,0.35546180181450465,0.2159137426934175,8.032193438211182,0.03923338302428686,0.41774525153091074,50.19861346123586,51.836174847237025,8.043049329950637,35.25301746753319,66.78177084093969,50.320701824800295,51.71408648367259,0.0,,0.0,0.0,0.0,0.0,0.0,0.0,0.0,0.0,0.0,,,0.007936579520125261,,0.007936579520125261,0.008186649791935612,0.0,1.1620000000000001,
10.333333333333334,11.551731362289255,0.060526796539137506,2.9477891227824804,0.016080156698120643,0.06262638851735154,11.428983640795245,11.674479083783265,2.948454303009194,5.772760928391235,17.330701796187274,0.0004445478312470677,8.478238057556863e-06,9.49925966311529e-06,0.00011119777317153961,6.918733401509478e-07,1.2751280070122623e-05,0.00041955532230962734,0.00046954034018450807,0.00011192649329687713,0.00022517190438518854,0.0006639237581089469,0.00042793079000189943,0.000461164872492236,51.07144967196994,0.3379401089112763,0.44155742231723194,8.020605158898453,0.03914718730837479,0.5574127525349242,49.97892067700148,52.16397866693839,8.039951249332116,35.313145223278994,66.82975412066088,50.40909922957229,51.73380011436758,0.0,,0.0,0.0,0.0,0.0,0.0,0.0,0.0,0.0,0.0,,,0.007878668674763676,,0.007878668674763676,0.007998980288804339,0.0,1.1620000000000001,
10.666666666666666,11.76605852359883,0.10527419841845119,2.9365165955361734,0.01657400845308254,0.10657089006314192,11.557179579075072,11.974937468122587,2.9384497733444768,6.006696967843655,17.525420079354003,0.0004541152701456059,7.828778219434598e-06,6.481609578054151e-06,0.00010852452300884207,7.083573756544863e-07,1.0188365978068366e-05,0.0004341460728285919,0.00047408446746261993,0.00010900171969102025,0.00024047189955120622,0.0006677586407400056,0.0004387711467925625,0.00046945939349864933,50.812876372129494,0.3047834549935805,0.24737646778796027,7.892545407091339,0.038969670091194494,0.39447015912498146,50.03971486024453,51.58603788401446,7.902397086292151,35.32417808299688,66.30157466126211,50.21551177725839,51.4102409670006,0.0,,0.0,0.0,0.0,0.0,0.0,0.0,0.0,0.0,0.0,,,0.007780789446305911,,0.007780789446305911,0.008133662389334042,0.0,1.1620000000000001,
11.0,11.932556765717397,0.07511541271008534,2.950751828773189,0.01675554409781175,0.07696150651215297,11.781712212953577,12.083401318481217,2.9517553131133583,6.147116352015215,17.71799717941958,0.00044469729054338105,8.846583877560395e-06,6.4226974258333074e-06,0.00010835905836701582,6.797603316784639e-07,1.0953317426014867e-05,0.0004232287883883919,0.0004661657926983702,0.00010891125145191098,0.00023123123769763554,0.0006581633433891266,0.00042735830475715,0.0004620362763296121,51.370616450731966,0.35574366928633155,0.26495527918338796,7.772751969914915,0.039395039442821536,0.4453165473426194,50.49779601794043,52.2434368835235,7.785498058130472,36.111040256796244,66.63019264466769,50.67337167120263,52.0678612302613,0.0,,0.0,0.0,0.0,0.0,0.0,0.0,0.0,0.0,0.0,,,0.007656576428136879,,0.007656576428136879,0.008009269562190799,0.0,1.1620000000000001,
11.333333333333334,12.09004283376199,0.09325135463209909,2.979862636410859,0.01698138394282731,0.09478492781732348,11.904264375240036,12.275821292283943,2.9813697379591835,6.24655814736199,17.933527520161988,0.00043758575379621327,7.385862526651864e-06,4.958482232330529e-06,0.00010363154038851171,6.789067984129858e-07,8.921794984859784e-06,0.0004200990356258881,0.00045507247196653844,0.00010401487676792971,0.00023371659533107103,0.0006414549122613555,0.0004231097292492116,0.00045206177834321493,51.61507375406518,0.303482956918367,0.24754174830758743,7.909680781073225,0.039460767490022024,0.3936190727924575,50.843580371391965,52.38656713673839,7.919468797397028,36.09291491116701,67.13723259696336,51.02025808858346,52.2098894195469,0.0,,0.0,0.0,0.0,0.0,0.0,0.0,0.0,0.0,0.0,,,0.007545966888463272,,0.007545966888463272,0.007961279513915348,0.0,1.1620000000000001,
11.666666666666666,12.01591777249044,0.09733373187330696,2.9631428642706172,0.01737743417785911,0.09887279999570477,11.822127084498858,12.209708460482021,2.9647919766244764,6.204925498306466,17.826910046674413,0.0004228283622081072,7.596307138872437e-06,8.398462982685364e-06,0.00010178175834336232,6.524753533595743e-07,1.1343006070101629e-05,0.000400596070310708,0.00044506065410550636,0.0001024118651239834,0.00022210110656509973,0.0006235556178511147,0.00040793987380041273,0.00043771685061580164,51.55871419570385,0.3225824459029509,0.2740983643036185,7.818360258361185,0.03945954579166527,0.4251428036233636,50.72543430060206,52.39199409080564,7.829910825353908,36.21208897801019,66.90533941339751,50.92646421968922,52.19096417171848,0.0,,0.0,0.0,0.0,0.0,0.0,0.0,0.0,0.0,0.0,,,0.007395005920841449,,0.007395005920841449,0.007660258178334028,0.0,1.1620000000000001,
12.0,12.257166485555102,0.0979664810045119,2.960177728830117,0.017404038709383125,0.0995004118775651,12.062145678275074,12.452187292835129,2.961849509719499,6.451941446504883,18.06239152460532,0.00042812478390754255,8.333728907718083e-06,7.130593967127246e-06,0.00010178233837966078,6.525653023689358e-07,1.098736771502726e-05,0.0004065895431860891,0.000449660024628996,0.00010237366192208323,0.00022747240654025943,0.0006287771612748257,0.00041179097539149477,0.00044445859242359033,51.64210474173252,0.3508139352354199,0.3510505320161029,7.620342574919813,0.039557406512435056,0.49786713247024084,50.666285162090844,52.61792432137419,7.636589071092517,36.674390162391184,66.60981932107384,50.954522063396325,52.32968742006871,0.0,,0.0,0.0,0.0,0.0,0.0,0.0,0.0,0.0,0.0,,,0.007293548660950962,,0.007293548660950962,0.007733217070913879,0.0,1.1620000000000001,
12.333333333333334,12.396861408670421,0.10409673882300263,2.969305774663492,0.016333145141032138,0.10537031206076237,12.190335597031327,12.603387220309516,2.971174798983349,6.573358802663058,18.220364014677784,0.0004270037652064405,7.71550519153958e-06,6.423086503609213e-06,9.940869438360492e-05,6.40451612281468e-07,1.0059584427857593e-05,0.00040728697972783963,0.00044672055068504136,9.991638383125241e-05,0.00023116765289718578,0.0006228398775156952,0.0004118816529084911,0.00044212587750438987,51.71910951290818,0.32653564429341625,0.3581247814742128,7.594312023878969,0.03967000826859587,0.4862639156426267,50.766032238248634,52.67218678756773,7.609863843176749,36.803776380281754,66.6344426455346,51.0791114104245,52.35910761539186,0.0,,0.0,0.0,0.0,0.0,0.0,0.0,0.0,0.0,0.0,,,0.007259754702505246,,0.007259754702505246,0.007737981373048954,0.0,1.1620000000000001,
12.666666666666666,12.344525647648599,0.06371271041716221,2.9566669442334232,0.017209177018232685,0.06599594868130951,12.215173588233233,12.473877707063965,2.9574034023725875,6.548014978998327,18.14103631629887,0.0004160123615887747,7.346917983994037e-06,7.220193992996609e-06,9.635697919737624e-05,6.423430078297204e-07,1.0320901593356418e-05,0.00039578339446579616,0.00043624132871175326,9.690814439325182e-05,0.00022607239857800116,0.0006059523245995483,0.00040161266694277675,0.00043041205623477267,51.435630841848855,0.31741148450677653,0.34615747798127305,7.583276973938266,0.03936687204443606,0.47130117830715657,50.51188053236683,52.35938115133088,7.597908558553203,36.54373006708458,66.32753161661313,50.81351576393618,52.05774591976153,0.0,,0.0,0.0,0.0,0.0,0.0,0.0,0.0,0.0,0.0,,,0.007014830505204352,,0.007014830505204352,0.0075039862266875,0.0,1.1620000000000001,
13.0,12.498482938378727,0.12265677348041103,2.9599731874908453,0.017161521901595065,0.12385153174104788,12.255733936166273,12.741231940591181,2.9625631592557347,6.691859146237487,18.305106730519967,0.00041737104478182906,7.669061319610585e-06,9.503070409308636e-06,9.512696052199907e-05,6.275417947018484e-07,1.2227700414727304e-05,0.0003934047519689635,0.0004413373375946946,9.590962034950556e-05,0.00022938818889679815,0.00060535390066686,0.0004023399608001631,0.000432402128763495,51.56254411789895,0.3315480694118178,0.3280609979676831,7.48612282889242,0.039563856188406965,0.4680955451985766,50.64507684930974,52.480011386488165,7.5007431930908695,36.861087459440846,66.26400077635705,50.912721842708,52.2123663930899,0.0,,0.0,0.0,0.0,0.0,0.0,0.0,0.0,0.0,0.0,,,0.0068273662971464685,,0.0068273662971464685,0.0075322615258390496,0.0,1.1620000000000001,
13.333333333333334,12.674557287723148,0.09786210063195394,2.9846727364272536,0.017399905889932184,0.0993969187906606,12.479739326893453,12.869375248552844,2.986327358317776,6.821355665420308,18.527758910025987,0.00040904424048808323,7.93859709569366e-06,7.282540996492179e-06,9.417327008473548e-05,6.153561182309714e-07,1.079052317385906e-05,0.0003878948150673195,0.000430193665908847,9.478945188584078e-05,0.00022325691479183532,0.0005948315661843312,0.0003934848760927494,0.0004246036048834171,52.127183077312594,0.35411210877197613,0.3196657793844598,7.4721533757918674,0.03989439686875032,0.4787203348406367,51.188891221024946,53.06547493360024,7.4874728200072775,37.45173635009833,66.80262980452686,51.43313609762999,52.8212300569952,0.0,,0.0,0.0,0.0,0.0,0.0,0.0,0.0,0.0,0.0,,,0.006864871773491479,,0.006864871773491479,0.007446820614694457,0.0,1.328,
13.666666666666666,12.805819221548047,0.06526292605724994,2.9745031955006014,0.017444566761674246,0.06755414441066206,12.673413098503149,12.938225344592945,2.975270209992757,6.974289609962243,18.63734883313385,0.0004121190079606427,7.1787038920850715e-06,5.176861894271058e-06,9.182194118128166e-05,6.274381993068341e-07,8.872844376891916e-06,0.00039472823298193453,0.00042950978293935084,9.224964091873362e-05,0.0002313097117599248,0.0005929283041613605,0.00039804900687647843,0.00042618900904480694,51.80958255700596,0.3163890391712027,0.32232968680397517,7.421175610556552,0.03963819758071711,0.4533978802445745,50.9209227117266,52.698242402285324,7.435012917307521,37.23695723908322,66.3822078749287,51.18947143512717,52.42969367888475,0.0,,0.0,0.0,0.0,0.0,0.0,0.0,0.0,0.0,0.0,,,0.006773336878202353,,0.006773336878202353,0.007472010514941709,0.0,1.328,
14.0,12.837401134059707,0.11015817303478474,2.965963120217417,0.017978445270840547,0.11161562426792311,12.618634510494578,13.056167757624836,2.968062546185736,7.019998543535665,18.65480372458375,0.0004032119340296046,7.853616204225603e-06,3.632937201232409e-06,9.150111365141927e-05,6.065553937880356e-07,8.674412351110978e-06,0.00038621008582142706,0.0004202137822377821,9.191136615831066e-05,0.0002230656563593157,0.0005833582116998935,0.00038781912912092226,0.0004186047389382869,51.95404020684969,0.35480593962210266,0.3745742101509275,7.3027111177543835,0.03978243774941377,0.5174705170873026,50.939797993358575,52.968282420340806,7.321022155780439,37.60483678152003,66.30324363217935,51.258633343689475,52.649447070009906,0.0,,0.0,0.0,0.0,0.0,0.0,0.0,0.0,0.0,0.0,,,0.006730352641707492,,0.006730352641707492,0.0072932018705655155,0.0,1.328,
14.333333333333334,12.946061377459563,0.10451223280152123,2.976346290070377,0.017839412282699245,0.10602382484966053,12.738254680754228,13.153868074164897,2.9782340891628123,7.108722562700451,18.783400192218675,0.0003980668131725573,7.306933747353131e-06,6.361373245150696e-06,8.901476592776891e-05,6.032246666383548e-07,9.706813604410467e-06,0.0003790414585079128,0.00041709216783720186,8.954245240960433e-05,0.00022256360644973283,0.0005735700198953818,0.0003837454861903249,0.00041238814015478976,51.98760170929397,0.3347642620066106,0.3729183842196726,7.340351186188198,0.03976043812219063,0.5027087873167829,51.002292486153074,52.972910932434864,7.357545219801235,37.56681307848355,66.40839034010439,51.33147581244988,52.64372760613806,0.0,,0.0,0.0,0.0,0.0,0.0,0.0,0.0,0.0,0.0,,,0.006565629382920005,,0.006565629382920005,0.0072261277655202415,0.0,1.328,
14.666666666666666,13.060222773939188,0.11213426844192212,2.973128756270585,0.017475337484134094,0.11348780365832019,12.83778667876888,13.282658869109495,2.975293948997689,7.228646633903717,18.891798913974657,0.00040033107012616765,7.649897870265851e-06,4.486823893471444e-06,8.829710446784712e-05,6.008678152429434e-07,8.88895765587389e-06,0.0003829087131206548,0.0004177534271316805,8.87434066599532e-05,0.00022639399307265937,0.000574268147179676,0.0003853375458150369,0.0004153245944372984,51.99576728421763,0.3490294053924213,0.2775892428955406,7.218747130156589,0.039810779191372415,0.447730065708939,51.11821635542811,52.873318213007146,7.232618636488704,37.81983475669977,66.1716998117355,51.31168222010305,52.679852348332204,0.0,,0.0,0.0,0.0,0.0,0.0,0.0,0.0,0.0,0.0,,,0.006557187893167951,,0.006557187893167951,0.007252477247968996,0.0,1.328,
15.0,13.18379469352119,0.07325956644263562,2.980842146255586,0.018293825936626366,0.07550912622168612,13.035796806126685,13.331792580915694,2.981798371626822,7.339469885132618,19.02811950190976,0.0003983643822328868,6.425875667435041e-06,6.9372695966212325e-06,8.511892314410544e-05,6.138305574039529e-07,9.475989420780392e-06,0.0003797914429681572,0.0004169373214976164,8.564476313654484e-05,0.0002305006464852589,0.0005662281179805147,0.0003857698973555818,0.00041095886711019176,51.906043860746166,0.2943670439681561,0.3652436004010066,7.293756053779486,0.03962409102376328,0.47077055217791614,50.98333357847745,52.82875414301488,7.3089330469530776,37.580535088718136,66.2315526327742,51.32909505633306,52.48299266515927,0.0,,0.0,0.0,0.0,0.0,0.0,0.0,0.0,0.0,0.0,,,0.006339208680189868,,0.006339208680189868,0.007239724288040442,0.0,1.328,
15.333333333333334,13.28550783701149,0.11005371775218398,2.990161073199322,0.018593761370830696,0.11161338966715763,13.066745593263862,13.504270080759118,2.992243438029318,7.420710698474028,19.150304975548952,0.00039195635288258714,6.636111473276901e-06,7.53982789001474e-06,8.428836548009733e-05,6.006736272968701e-07,1.0062196027872416e-05,0.0003722344486679572,0.00041167825709721706,8.488684435299614e-05,0.0002255781379507147,0.0005583345678144596,0.00037894981339757136,0.0004049628923676029,52.18374255055503,0.31070529267719504,0.3360529155567776,7.253459541157777,0.039815106815753225,0.45940677365770516,51.28330527418593,53.084179826924135,7.267993526338295,37.93847523893197,66.42900986217809,51.574771367101754,52.79271373400831,0.0,,0.0,0.0,0.0,0.0,0.0,0.0,0.0,0.0,0.0,,,0.006314396524195016,,0.006314396524195016,0.007145191287171678,0.0,1.328,
15.666666666666666,13.375001655862793,0.08036746287037244,2.9988751659019597,0.018827581754575926,0.08254336389405229,13.213216662630451,13.536786649095134,3.000010944577778,7.494980204490348,19.25502310723524,0.00038171268766516795,7.74148077229925e-06,5.081949714790832e-06,8.43892318990107e-05,5.726807699162824e-07,9.27818412814563e-06,0.0003635274467740025,0.0003998979285563334,8.489774532471859e-05,0.00021531310682871953,0.0005481122685016164,0.0003665396641644521,0.0003968857111658838,52.70659478430832,0.3758267702924002,0.3765964582777697,7.179702266952839,0.04023110397026884,0.5335627380003621,51.660811817827614,53.75237775078903,7.199500943639786,38.59557293477434,66.8176166338423,51.96998785010921,53.44320171850743,0.0,,0.0,0.0,0.0,0.0,0.0,0.0,0.0,0.0,0.0,,,0.006295020731139978,,0.006295020731139978,0.006980857867277953,0.0,1.328,
16.0,13.465951232090132,0.08449047153900106,2.9883656874332143,0.01903101962730909,0.08660727157079695,13.29620097981137,13.635701484368894,2.9896204276324316,7.606295193930567,19.325607270249698,0.00038392206535799384,7.214999795610895e-06,3.265593727759824e-06,8.27173496116758e-05,5.916280085154388e-07,7.94168421343417e-06,0.0003683563642996629,0.0003994877664163248,8.309771522085378e-05,0.00022105054352512043,0.0005467935871908673,0.00036978092561013265,0.00039806320510585503,52.32595119810339,0.34617248902456127,0.2768068118352465,7.120339975009774,0.03986973674854232,0.4450247174531451,51.45370275189523,53.19819964431155,7.134233550905552,38.342853438328504,66.30904895787828,51.64746558717666,53.00443680903012,0.0,,0.0,0.0,0.0,0.0,0.0,0.0,0.0,0.0,0.0,,,0.006234291123273848,,0.006234291123273848,0.0069935282576540974,0.0,1.328,
16.333333333333332,13.639196027150769,0.06627760374223703,2.9973310643123168,0.018608547840009784,0.0688403864786284,13.504268869652657,13.77412318464888,2.9981214965211356,7.7628778939693435,19.515514160332195,0.0003826237828115393,6.859462387859478e-06,3.538320933588151e-06,8.218256703397954e-05,5.77302240218621e-07,7.739846067984066e-06,0.00036745368451829053,0.00039779388110478805,8.254622669420225e-05,0.0002208331784909029,0.0005444143871321757,0.0003691794835780276,0.000396068082045051,52.68085208585479,0.33273651815673855,0.3082302838067795,7.066079785944987,0.040176479811039244,0.4553390471952568,51.78838755335209,53.57331661835749,7.08073563898844,38.80261023343745,66.55909393827213,52.02870049392632,53.33300367778325,0.0,,0.0,0.0,0.0,0.0,0.0,0.0,0.0,0.0,0.0,,,0.0064201815205390915,,0.0064201815205390915,0.006991539541870657,0.0,1.328,
16.666666666666668,13.674138278533693,0.05989251659393703,2.9975178114619956,0.018841485155944148,0.06278626527224475,13.551077198600094,13.797199358467292,2.998175302603026,7.797714685431762,19.550561871635622,0.0003751518087003265,7.990799054581411e-06,6.393527312875407e-06,8.166849414104955e-05,5.557841691725759e-07,1.0248851500235812e-05,0.0003550640597598643,0.00039523955764078866,8.230906324543203e-05,0.0002138260447392797,0.0005364775726613732,0.0003594901303456502,0.0003908134870550028,52.85404210127189,0.3966436095970781,0.28009278019115225,6.993757192185699,0.04036950470525832,0.48724512871813946,51.89904164898433,53.80904255355944,7.010709484689031,39.113051511281384,66.59503269126239,52.07663491176365,53.631449290780125,0.0,,0.0,0.0,0.0,0.0,0.0,0.0,0.0,0.0,0.0,,,0.0060942955393275215,,0.0060942955393275215,0.006856905566342997,0.0,1.328,
17.0,13.797599664751303,0.1208194926357521,2.9930888072749644,0.018693524821422662,0.1222570966079667,13.557975755399688,14.037223574102917,2.995584651767611,7.926253747286785,19.66894558221582,0.00038012472723769673,7.111357087761113e-06,6.390147762429173e-06,7.969153202265688e-05,5.738268723811567e-07,9.577821533876873e-06,0.0003613521970312981,0.0003988972574440954,8.026502938050258e-05,0.00022280526965191169,0.0005374441848234818,0.0003661867234644813,0.00039406273101091216,52.51167561277167,0.346639017758492,0.28857470062606944,6.971841075092834,0.04006729770938558,0.45281271494927156,51.6241626914711,53.39918853407224,6.986530421544826,38.81807598654381,66.20527523899952,51.83227562232869,53.19107560321465,0.0,,0.0,0.0,0.0,0.0,0.0,0.0,0.0,0.0,0.0,,,0.006059903965761477,,0.006059903965761477,0.006931429717531213,0.0,1.328,
17.333333333333332,13.725590316049846,0.07304951027449659,2.995984626597388,0.017998741523764378,0.07523420530438972,13.578131273653243,13.87304935844645,2.9969291063446386,7.8516092676143545,19.59957136448534,0.0003707536591006248,7.094483470656534e-06,3.8898185188208385e-06,7.818240434285982e-05,5.428485100599254e-07,8.109073210278387e-06,0.0003548598756084792,0.00038664744259277043,7.86018156098196e-05,0.00021669410050537838,0.0005248132176958713,0.00035684872700922327,0.00038465859119202634,52.589894146826154,0.35499576165484253,0.29740802510776726,6.965896472778777,0.04026223371697457,0.4648597333124094,51.67876906953383,53.50101922411848,6.981390136722563,38.90636947884993,66.27341881480238,51.894115239318296,53.28567305433401,0.0,,0.0,0.0,0.0,0.0,0.0,0.0,0.0,0.0,0.0,,,0.005921994452986301,,0.005921994452986301,0.006769118728166932,0.0,1.328,
17.666666666666668,13.97280626659523,0.10883813893275121,3.0016492330167894,0.01876792150522817,0.11044444469492913,13.756335154993169,14.189277378197291,3.0036804246514395,8.08559263427841,19.86001989891205,0.00037659638993446865,6.613879681954424e-06,3.6524662285622385e-06,7.698221017202295e-05,5.631587852133857e-07,7.576348844629597e-06,0.00036174674619899466,0.00039144603366994264,7.735413204726062e-05,0.00022498229112183783,0.0005282104887470995,0.00036363342395975677,0.00038955935590918053,52.589787880846806,0.3263224833605897,0.2789376767732754,6.937000615844923,0.040152615063362825,0.4311668159387051,51.74470092160694,53.43487484008667,6.950387209889789,38.96702894946282,66.2125468122308,51.95020756611438,53.229368195579234,0.0,,0.0,0.0,0.0,0.0,0.0,0.0,0.0,0.0,0.0,,,0.005901266776743649,,0.005901266776743649,0.006881080928700505,0.0,1.328,
18.0,14.047469457530957,0.0789248521566028,3.0052578927465943,0.01850762913654492,0.08106580428391182,13.88858048113449,14.206358433927424,3.0063510551064887,8.15502138952224,19.939917525539673,0.0003714999181910217,7.167243028892159e-06,6.781140786035293e-06,7.671577431149257e-05,5.481295294661434e-07,9.881988108488463e-06,0.0003521312214983843,0.0003908686148836591,7.73496200196754e-05,0.00021989466295245792,0.0005231051734295855,0.0003574523799859473,0.00038554745639609613,52.7819666720707,0.35986743993560194,0.32072198983966976,6.868817721254078,0.04033026985308336,0.48372895278135236,51.83385792461925,53.73007541952215,6.885829694929508,39.28574047000887,66.27819287413254,52.07663945058829,53.487293893553115,0.0,,0.0,0.0,0.0,0.0,0.0,0.0,0.0,0.0,0.0,,,0.005878713959314118,,0.005878713959314118,0.006796405928551164,0.0,1.328,
18.333333333333332,14.070358985787786,0.11309893372806926,3.0051654260747314,0.018949659188186103,0.11467544808621681,13.8455951075388,14.295122864036772,3.007352605942425,8.175947878140633,19.96477009343494,0.00036598792683793113,6.6755285262288575e-06,6.502026441703412e-06,7.501347615168577e-05,5.484667574183611e-07,9.334872507811693e-06,0.0003476915767226202,0.00038428427695324206,7.55920726604095e-05,0.00021782746442352852,0.0005141483892523338,0.0003529041313487528,0.00037907172232710945,52.7195415039113,0.33987543496363315,0.2702515923113073,6.886147029609073,0.040219072918990434,0.4360834877233704,51.86481786797349,53.57426513984911,6.899941283928352,39.19565658741173,66.24342642041087,52.053397892152695,53.38568511566991,0.0,,0.0,0.0,0.0,0.0,0.0,0.0,0.0,0.0,0.0,,,0.005744891594928619,,0.005744891594928619,0.006699837906507604,0.0,1.328,
18.666666666666668,14.296238247241916,0.11171466890579371,3.0052499332511506,0.01951661078647102,0.113406637130821,14.073961238465508,14.518515256018325,3.007388938373513,8.401755928029832,20.190720566454,0.000370233412558554,6.922499560607624e-06,5.430025373130916e-06,7.526862080813687e-05,5.547218584154597e-07,8.815548313046794e-06,0.00035295493786498223,0.0003875118872521257,7.578310610168176e-05,0.00022169852459925771,0.0005187683005178503,0.0003566655627367687,0.00038380126238033926,52.89434306216401,0.3500193605139345,0.4026750519487298,6.765946360663354,0.040318863350279024,0.5350573435981926,51.84563066871156,53.94305545561647,6.787069803406477,39.59168624748732,66.1969998768407,52.20831772166496,53.58036840266306,0.0,,0.0,0.0,0.0,0.0,0.0,0.0,0.0,0.0,0.0,,,0.0058492725410811755,,0.0058492725410811755,0.006772990442899268,0.0,1.494,
19.0,14.24288414105957,0.08396575421256046,2.9964891095126887,0.019739293053275722,0.08625478288609399,14.073824766602826,14.411943515516313,2.9977302865666338,8.367332779388967,20.118435502730172,0.00036258576328883124,6.2967651837089505e-06,5.47737537215157e-06,7.360432830023885e-05,5.48107451832784e-07,8.363690245637771e-06,0.00034619293040738123,0.00037897859617028125,7.407798903219713e-05,0.00021739290478572487,0.0005077786217919376,0.00035024433030965597,0.0003749271962680065,52.75430325911074,0.3241900588626647,0.28929917056565946,6.774542699926737,0.04019441286648694,0.43635856263059414,51.89904047635478,53.60956604186671,6.78858141207069,39.44868369145219,66.0599228267693,52.118902419594,53.38970409862748,0.0,,0.0,0.0,0.0,0.0,0.0,0.0,0.0,0.0,0.0,,,0.005772544975567724,,0.005772544975567724,0.006619115811947466,0.0,1.494,
19.333333333333332,14.419084074539075,0.09946936318410822,2.999464441180233,0.019319432312646892,0.10132815342803286,14.220480893820131,14.61768725525802,3.0011754911337296,8.536780111916965,20.301388037161185,0.0003677384212935518,6.290639847608714e-06,5.6867816277394545e-06,7.284941946608333e-05,5.51101690258945e-07,8.49796140535622e-06,0.0003510824169390536,0.00038439442564805,7.334339278075624e-05,0.00022398537144326957,0.000511491471143834,0.00035540899375252616,0.00038006784883457743,52.70773044594802,0.3194913265535894,0.26038879254415204,6.711652089445228,0.040201376066853804,0.41411735252611953,51.896060434996826,53.51940045689922,6.724415733089212,39.52787560909317,65.88758528280287,52.08153895253006,53.333921939365986,0.0,,0.0,0.0,0.0,0.0,0.0,0.0,0.0,0.0,0.0,,,0.005695390382561328,,0.005695390382561328,0.006719931921348389,0.0,1.494,
19.666666666666668,14.550433322821778,0.07602088042812843,3.0185737839277946,0.019468560827650933,0.07847419398609803,14.396623902609026,14.70424274303453,3.019593662752976,8.632029743825946,20.46883690181761,0.0003604017349697565,6.75733360810957e-06,4.660911412634465e-06,7.291377011430361e-05,5.348608478311126e-07,8.226282806605662e-06,0.0003442782206688094,0.0003765252492707036,7.337635587228198e-05,0.0002165840774600838,0.0005042193924794291,0.0003471576044663396,0.00037364586547317336,53.245614798740405,0.3537072846914629,0.30403551304854703,6.679342490855211,0.04056805702239742,0.4681796703073226,52.327982644938054,54.16324695254276,6.695730603439252,40.12198281599947,66.36924678148134,52.552361259675685,53.938868337805125,0.0,,0.0,0.0,0.0,0.0,0.0,0.0,0.0,0.0,0.0,,,0.005812462110970601,,0.005812462110970601,0.00662389470747609,0.0,1.494,
20.0,14.617035014554858,0.10447740167714321,3.0049287287164077,0.020145044894045228,0.10640183407719167,14.408487419763562,14.825582609346155,3.006811935416014,8.723683621139472,20.510386407970245,0.00036034908780716984,6.327458402101695e-06,4.414663361286911e-06,7.156034746044052e-05,5.466456462081471e-07,7.734649564546198e-06,0.0003451891746606593,0.0003755090009536804,7.19771361791042e-05,0.0002192739008961256,0.0005014242747182141,0.00034794749722537517,0.0003727506783889645,52.96950441996376,0.32977171125012406,0.28354694335522673,6.654027710209437,0.04029537036894486,0.43677450417818325,52.113426391774524,53.825582448153,6.6683473766545145,39.89954356172092,66.0394652782066,52.323163742793376,53.61584509713415,0.0,,0.0,0.0,0.0,0.0,0.0,0.0,0.0,0.0,0.0,,,0.005657351119680891,,0.005657351119680891,0.006595543836945754,0.0,1.494,
20.333333333333332,14.736248570074684,0.09206553794730633,3.0210757089221376,0.019778193298375542,0.0941660246993299,14.551683161663998,14.92081397848537,3.022542916030651,8.812064454654609,20.66043268549476,0.0003565188422836547,7.004116577676406e-06,6.33592140787151e-06,7.108894934280627e-05,5.318038738030612e-07,9.459617565240039e-06,0.00033797799185578424,0.0003750596927115252,7.17155707161609e-05,0.00021595632367997936,0.0004970813608873301,0.000342791026047889,0.00037024665851942044,53.25701748885695,0.3710540477780249,0.2463330177799416,6.633772684147359,0.04054476548323872,0.4472191185863152,52.38046801642778,54.13356696128613,6.648830345629881,40.22531001142239,66.28872496629153,52.529764918894216,53.98427005881969,0.0,,0.0,0.0,0.0,0.0,0.0,0.0,0.0,0.0,0.0,,,0.005532817235173468,,0.005532817235173468,0.006562190790407274,0.0,1.494,
20.666666666666668,14.786017859049924,0.07288585116479836,3.0158518724514063,0.019965398318710265,0.07557092317844144,14.637898849620179,14.93413686847967,3.0167985482956423,8.873092704390466,20.698943013709382,0.0003565346867709694,6.027769912233041e-06,4.090150137054893e-06,6.934481389040951e-05,5.356730659163346e-07,7.30412786662585e-06,0.00034221859615238276,0.00037085077738955604,6.972842675256306e-05,0.0002198669703359458,0.000493202403205993,0.0003447204748358985,0.0003683488987060403,53.08480576882356,0.31850295044584465,0.20525402011265412,6.6487715585793925,0.040404983312022975,0.38105892574713274,52.337930274359174,53.83168126328794,6.6596823605233455,40.0318283421978,66.13778319544932,52.46055145697996,53.70906008066716,0.0,,0.0,0.0,0.0,0.0,0.0,0.0,0.0,0.0,0.0,,,0.005471381585314555,,0.005471381585314555,0.006546464014859883,0.0,1.494,
21.0,14.874401588389581,0.12395152915031182,3.0181848895362404,0.020069425443248124,0.1255657732677289,14.628292672784832,15.12051050399433,3.020795721468304,8.953641974311706,20.795161202467455,0.00035488834196784427,6.571652027360308e-06,6.868881599558577e-06,6.889828658186912e-05,5.312300818914915e-07,9.521047746827534e-06,0.0003362270883840623,0.00037354959555162623,6.95530318829793e-05,0.00021856439947720482,0.0004912122844584837,0.00034200814067528846,0.0003677685432604001,53.169380449183286,0.34957408648464455,0.28269661226323234,6.598569463062316,0.04047289013450257,0.4513950280657969,52.28464619417432,54.05411470419225,6.613990960851173,40.205958165914986,66.13280273245158,52.484227829744896,53.85453306862168,0.0,,0.0,0.0,0.0,0.0,0.0,0.0,0.0,0.0,0.0,,,0.005304470085361475,,0.005304470085361475,0.0065242780753997,0.0,1.494,
21.333333333333332,14.951918324679825,0.10597239826585558,3.0175133406979757,0.020171475980177978,0.10787510202746511,14.740483124705994,15.163353524653656,3.0194409745725603,9.033814014517606,20.870022634842044,0.00035425516366024496,5.44742354410044e-06,6.23661501261858e-06,6.72050604758331e-05,5.298104510936884e-07,8.297619489861375e-06,0.00033799182946011664,0.0003705184978603733,6.771536489423143e-05,0.00022153304846755136,0.00048697727885293855,0.00034357840970527257,0.00036493191761521735,53.0985418589199,0.2900705148577877,0.16903810263213895,6.629189630362431,0.040429901474122,0.33815582305283876,52.43575644573634,53.761327272103465,6.637808713421118,40.08843678061451,66.10864693722529,52.530014096821645,53.66706962101816,0.0,,0.0,0.0,0.0,0.0,0.0,0.0,0.0,0.0,0.0,,,0.005337322386431319,,0.005337322386431319,0.006510128979370673,0.0,1.494,
21.666666666666668,15.080072801657895,0.04606169134282494,3.0314131913887645,0.01949121320461781,0.05001586549835504,14.98204170528112,15.17810389803467,3.0318257739730634,9.13769428467069,21.0224513186451,0.0003520659273333018,6.927980970278918e-06,5.681230630190147e-06,6.833184154213592e-05,5.079384093381975e-07,8.973923513471607e-06,0.0003344770372468975,0.00036965481741970616,6.891858872441608e-05,0.0002169854934334463,0.00048714636123315736,0.0003384873341459763,0.00036564452052062734,53.53526714178432,0.3743989849944427,0.2837223118886178,6.4903903077779415,0.040862467667121295,0.4715322804349004,52.611063872131915,54.45947041143672,6.507496372552963,40.78057425158051,66.28996003198813,52.80145861534686,54.269075668221774,0.0,,0.0,0.0,0.0,0.0,0.0,0.0,0.0,0.0,0.0,,,0.005378593510761773,,0.005378593510761773,0.006497830381090025,0.0,1.494,
22.0,15.220733731881612,0.09945868078180234,3.0272035889547735,0.02027510188267522,0.10150423113944225,15.021785438848305,15.41968202491492,3.0289048644551166,9.284080197549585,21.15738726621364,0.0003573204023455725,5.429295767373567e-06,5.687286331483271e-06,6.612752616613212e-05,5.286360335268276e-07,7.880478056681583e-06,0.0003418746653544766,0.0003727661393366684,6.659543266061366e-05,0.00022679335433076973,0.00048784745036037526,0.00034667917818010453,0.00036796162651104046,53.23493814875064,0.28782137562354343,0.40687058588923153,6.536589192271053,0.040557761945693896,0.5000297490967103,52.25487984052109,54.214996456980195,6.555686693131121,40.385792230213646,66.08408406728765,52.67081861854772,53.79905767895357,0.0,,0.0,0.0,0.0,0.0,0.0,0.0,0.0,0.0,0.0,,,0.0052797951290285295,,0.0052797951290285295,0.006589831124433038,0.0,1.494,
22.333333333333332,15.218707854462856,0.057255737436255304,3.0217867016036726,0.02056826220799005,0.06083808740933626,15.099465203140557,15.337950505785155,3.0223990707496635,9.294805675793516,21.142610033132197,0.000348546855999495,5.691429675949106e-06,4.629280867221282e-06,6.574737213039156e-05,5.299867257127286e-07,7.355508074451885e-06,0.00033413006017356933,0.0003629636518254207,6.615754258650722e-05,0.00021887807252994086,0.00047821563946904915,0.0003373918588140923,0.0003597018531848977,53.21399397879688,0.30906891481846005,0.30013493001111435,6.510287876187831,0.040412157309494746,0.43270973270570695,52.36588290269369,54.062105054900066,6.5246521703165525,40.425675724976436,66.00231223261733,52.60823003701182,53.819757920581935,0.0,,0.0,0.0,0.0,0.0,0.0,0.0,0.0,0.0,0.0,,,0.005278726774040768,,0.005278726774040768,0.006420978897281398,0.0,1.494,
22.666666666666668,15.392460582536403,0.11610057361648893,3.016524507003503,0.020920507499315302,0.11797038114758583,15.161238635487134,15.623682529585672,3.0188304212361508,9.475552956913548,21.309368208159256,0.0003466971421503067,7.4515196636336454e-06,5.7714496502163625e-06,6.685317167698563e-05,5.230287313008615e-07,9.43972115140419e-06,0.0003281952886935545,0.0003651989956070589,6.751633060740772e-05,0.00021436513415978755,0.00047902915014082584,0.00033209243197949274,0.00036130185232112065,53.57018131820885,0.4096872075236811,0.33588931708339576,6.374066266089302,0.04066422849430517,0.5313368242634221,52.52876114265255,54.61160149376516,6.396173823882209,41.033680623399725,66.10668201301799,52.76720914653565,54.37315348988206,0.0,,0.0,0.0,0.0,0.0,0.0,0.0,0.0,0.0,0.0,,,0.005228744039367694,,0.005228744039367694,0.006367643587661072,0.0,1.494,
23.0,15.482609967643649,0.08186230108019138,3.021327449306243,0.020713248628660516,0.08444213999477163,15.317103373253897,15.648116562033401,3.022507242495585,9.558495772352302,21.406724162934996,0.0003489410619870296,6.879528853554145e-06,5.166782556644774e-06,6.644430445323629e-05,5.166220904744784e-07,8.619191239257831e-06,0.0003320474471580843,0.00036583467681597495,6.700101530494337e-05,0.00021761907198934063,0.0004802630519847186,0.0003354574332034594,0.00036242469077059987,53.591896520628275,0.37627264204461935,0.29763027487195204,6.306645348676917,0.04076521073000342,0.4814838357384945,52.648188202580826,54.535604838675724,6.324998200637345,41.19490004737908,65.98889299387747,52.85441569385309,54.32937734740346,0.0,,0.0,0.0,0.0,0.0,0.0,0.0,0.0,0.0,0.0,,,0.005239238869964993,,0.005239238869964993,0.006415212671662329,0.0,1.494,
23.333333333333332,15.530689303240061,0.02511400290243107,3.0308675371088984,0.020872375222083683,0.032655308744441065,15.466684898100956,15.594693708379166,3.0310434501487693,9.589844140948474,21.471534465531647,0.000346315644307126,5.634373024445767e-06,5.045508539699694e-06,6.399774536717323e-05,5.185307824218524e-07,7.581041483536659e-06,0.0003314568029993942,0.00036117448561485786,6.444519844066467e-05,0.00022000305536342327,0.0004726282332508288,0.0003352724761037483,0.00035735881251050376,53.51312707168831,0.3101321821330548,0.29691356293327065,6.424740725495416,0.04066117357343236,0.4312690173020876,52.66783979777622,54.3584143456004,6.439199201385531,40.89229663697267,66.13395750640395,52.905279164260705,54.120974979115914,0.0,,0.0,0.0,0.0,0.0,0.0,0.0,0.0,0.0,0.0,,,0.0051665745515811915,,0.0051665745515811915,0.006398673031630515,0.0,1.494,
23.666666666666668,15.681135503483222,0.08230224782733557,3.032805319622013,0.020651586379278362,0.08485368593887338,15.514822279043031,15.847448727923414,3.0339921316221297,9.734510925503848,21.627760081462597,0.0003486636537890968,6.444285817655549e-06,3.5137771713888093e-06,6.41566487090828e-05,5.174142123942633e-07,7.358204072801811e-06,0.00033424157380640526,0.0003630857337717883,6.457723082292746e-05,0.00022209228137615896,0.00047523502620203464,0.00033603308568040967,0.0003612942218977839,53.51740088837324,0.3526366724169738,0.2885141107407424,6.332291763784135,0.04070027749006071,0.457438003906109,52.620822400717266,54.41397937602921,6.348792681219477,41.07376723318306,65.96103454356341,52.82624571080792,54.20855606593856,0.0,,0.0,0.0,0.0,0.0,0.0,0.0,0.0,0.0,0.0,,,0.004988402448795664,,0.004988402448795664,0.006439911490899008,0.0,1.494,
24.0,15.761156529567584,0.08431584004030993,3.012630015737199,0.020730890149621792,0.08682701588848264,15.590975578426159,15.93133748070901,3.0138809768152446,9.853949815009706,21.668363244125462,0.00034833280159657425,6.76622643163951e-06,4.893463692526142e-06,6.468437631291354e-05,5.147294824962012e-07,8.36616719139891e-06,0.0003319351139014324,0.0003647304892917161,6.522316530547295e-05,0.00022049539759784727,0.00047617020559530124,0.0003350712414793178,0.0003615943617138307,53.49094486940859,0.3706054604149878,0.31520852233553487,6.198304786617115,0.040703239651841014,0.4882228728362813,52.534028038649474,54.4478617001677,6.217503019811181,41.30463895057867,65.6772507882385,52.76457151452133,54.217318224295845,0.0,,0.0,0.0,0.0,0.0,0.0,0.0,0.0,0.0,0.0,,,0.005114779616989589,,0.005114779616989589,0.006381445443103293,0.0,1.494,
24.333333333333332,15.74403989724355,0.05588601308477509,3.0232949350516,0.0205128898218246,0.05953171513868862,15.627357735571719,15.86072205891538,3.0238809978926104,9.817233141374032,21.670846653113067,0.0003436584718998982,5.868459011410647e-06,5.612186867284463e-06,6.293036221753897e-05,5.036321045779607e-07,8.13566825151374e-06,0.0003277125621269313,0.00035960438167286516,6.345407462668843e-05,0.0002192884856315889,0.0004680284581682076,0.0003321565035927838,0.00035516044020701264,53.5216691349833,0.3259947498123151,0.314695099329077,6.269080870384308,0.04076132866787807,0.4549363344048289,52.62999391954983,54.413344350416764,6.28556616604902,41.20195944952722,65.84137882043937,52.882731166202014,54.16060710376458,0.0,,0.0,0.0,0.0,0.0,0.0,0.0,0.0,0.0,0.0,,,0.005122647350855136,,0.005122647350855136,0.006324570624653948,0.0,1.494,
24.666666666666668,15.883398299013482,0.12487968711977905,3.0294305860794495,0.02091648074449103,0.12661925375656174,15.63522456165062,16.131572036376344,3.0320755451168337,9.94053023058449,21.826266367442475,0.00033973678814430084,6.678460488797188e-06,6.4506676006142455e-06,6.331646897685449e-05,4.983052269475953e-07,9.298454446478878e-06,0.00032151181742920225,0.00035796175885939943,6.399559749537635e-05,0.0002143054170533632,0.00046516815923523845,0.0003266472461140846,0.0003528263301745171,53.827723204323256,0.3774491712702543,0.3381488940821734,6.204861251650104,0.04093796569027417,0.5084176122996299,52.83122468421598,54.82422172443053,6.2256559189153196,41.62543760324923,66.03000880539729,53.08793642263907,54.567509986007444,0.0,,0.0,0.0,0.0,0.0,0.0,0.0,0.0,0.0,0.0,,,0.004966199319159766,,0.004966199319159766,0.0062686673798743086,0.0,1.494,
25.0,15.941011791491167,0.10801327747153303,3.0365099290199367,0.021345624629183116,0.1101022424882998,15.7252113962141,16.156812186768235,3.038505397862181,9.985541211681292,21.89648237130104,0.000337663502484272,5.9552727163815215e-06,6.379254540290662e-06,6.142944239055545e-05,5.083397732816293e-07,8.741771613431524e-06,0.0003205296301219462,0.0003547973748465978,6.204832764350678e-05,0.00021604878030299872,0.0004592782246655453,0.0003259913824420502,0.0003493356225264938,53.73347325929274,0.3381426570974484,0.4318070929509185,6.289838321711708,0.04075629720113302,0.5499626331244631,52.655546498368786,54.81140002021669,6.31383599811607,41.35835470298524,66.10859181560024,53.07072582974506,54.396220688840415,0.0,,0.0,0.0,0.0,0.0,0.0,0.0,0.0,0.0,0.0,,,0.004916976474360187,,0.004916976474360187,0.00624367436050982,0.0,1.494,
