time_plot,time_seconds,effective_diffusivity_mm2_s,effective_diffusivity_std_mm2_s,effective_diffusivity_ci_low_mm2_s,effective_diffusivity_ci_high_mm2_s,effective_diffusivity_hu_noise_std_mm2_s,effective_diffusivity_roi_sensitivity_std_mm2_s,effective_diffusivity_calibration_std_mm2_s,effective_diffusivity_fixed_roi_std_mm2_s,effective_diffusivity_fixed_roi_ci_low_mm2_s,effective_diffusivity_fixed_roi_ci_high_mm2_s,effective_diffusivity_combined_std_mm2_s,effective_diffusivity_combined_ci_low_mm2_s,effective_diffusivity_combined_ci_high_mm2_s,fitted_Cs,fitted_Cs_std,fitted_Cs_hu_noise_std,fitted_Cs_roi_sensitivity_std,fitted_Cs_calibration_std,fitted_Cs_fixed_roi_std,fitted_Cs_fixed_roi_ci_low,fitted_Cs_fixed_roi_ci_high,fitted_Cs_combined_std,fitted_Cs_combined_ci_low,fitted_Cs_combined_ci_high,fitted_Cs_ci_low,fitted_Cs_ci_high,fitted_velocity_mm_s,fitted_velocity_std_mm_s,fitted_velocity_hu_noise_std_mm_s,fitted_velocity_roi_sensitivity_std_mm_s,fitted_velocity_calibration_std_mm_s,fitted_velocity_ci_low_mm_s,fitted_velocity_ci_high_mm_s,fitted_velocity_fixed_roi_std_mm_s,fitted_velocity_fixed_roi_ci_low_mm_s,fitted_velocity_fixed_roi_ci_high_mm_s,fitted_velocity_combined_std_mm_s,fitted_velocity_combined_ci_low_mm_s,fitted_velocity_combined_ci_high_mm_s,peclet_number,peclet_characteristic_length_mm,mean_convection_fraction,profile_fit_rmse,profile_fit_r2,mean_diffusive_flux_magnitude_fixed_roi_std,mean_diffusive_flux_magnitude_fixed_roi_ci_low,mean_diffusive_flux_magnitude_fixed_roi_ci_high,mean_diffusive_flux_magnitude_combined_std,mean_diffusive_flux_magnitude_combined_ci_low,mean_diffusive_flux_magnitude_combined_ci_high,regularized_effective_diffusivity_mm2_s,regularized_effective_diffusivity_plot_mm2_s,regularized_fitted_Cs,regularized_fitted_Cs_plot,regularized_fitted_velocity_mm_s,regularized_profile_fit_rmse,regularized_profile_fit_r2,global_effective_diffusivity_mm2_s,global_smooth_Cs,global_fitted_velocity_mm_s,global_profile_fit_rmse,global_profile_fit_r2,mean_concentration_hu_noise_std,mean_concentration_roi_sensitivity_std,mean_concentration_calibration_std,mean_concentration_fixed_roi_std,mean_concentration_fixed_roi_ci_low,mean_concentration_fixed_roi_ci_high,mean_concentration_combined_std,mean_concentration_combined_ci_low,mean_concentration_combined_ci_high,estimated_hu_noise_std,estimated_concentration_noise_std
0.0,0.0,,,,,,,0.0,0.0,,,0.0,,,,,,,0.0,0.0,,,0.0,,,,,0.0,,0.0,0.0,0.0,,,0.0,0.0,0.0,0.0,0.0,0.0,,,,,,0.0,,,0.0,,,,0.017079675603835734,,30.075333858350216,0.0,,,0.0007749099968241481,37.78428915447865,0.0,,,0.15675713116035753,1.9024617766109386,0.02040816813924863,0.1580800161197657,5.8873100556868705,6.506983718876351,1.9090180991708994,2.455471412906648,9.938822361656573,6.208762352573797,0.7152128041209305
0.16666666666666666,10.0,0.01711023697702108,0.0020374921609990428,0.01311682572268027,0.02110364823136189,0.0006228112813916733,0.0023677226818677862,7.124200256190355e-05,0.0021317466128248728,0.012932013615884329,0.02128846033815783,0.003185977765070168,0.010865720557483551,0.023354753396558608,30.06503602306549,1.2074639648865146,0.571054421962044,8.43747664140582,0.025154544517038847,1.3359285648760288,27.446616035908473,32.68345601022251,8.542582584015243,13.321574158395613,46.80849788773536,27.698450139257982,32.43162190687299,0.0,,0.0,0.0,0.0,,,0.0,0.0,0.0,0.0,0.0,0.0,0.0,0.8300000000000001,,1.4098117924610025,0.9715783178907957,0.03305260840215104,0.13110579938061323,0.26067202431704534,0.0849374206566079,0.029411567361877777,0.3623662563357808,0.017079675603835734,0.017079675603835734,30.075333858350216,30.075333858350216,0.0,1.4098190849763934,0.9715780238570937,0.0007749099968241481,37.87591580008537,0.0,6.623563626112561,0.3726485230033879,0.15784099640457178,1.8798713133716025,0.02055111589757402,0.15917326569064152,6.151266550234922,6.775225751742237,1.886598071489552,2.7655139308690577,10.1609783711081,6.208762352573797,0.7152128041209305
0.3333333333333333,20.0,0.007844829807478169,0.0007701037410548413,0.006335454210651121,0.009354205404305217,0.0006000525111681772,0.0016715542512937777,2.8188129975992377e-05,0.0009766869297873505,0.005930523425094962,0.009759136189861375,0.0019359780406388246,0.004050312847826072,0.011639346767130266,31.483185509690667,1.0363107793134871,0.6543494152139196,8.363341872821781,0.027029751709540403,1.2259052965011632,29.080411128548388,33.88595989083295,8.452711463056321,14.915871042100278,48.050499977281056,29.452053705445596,33.514317313935734,0.0,,0.0,0.0,0.0,,,0.0,0.0,0.0,0.0,0.0,0.0,0.0,0.8300000000000001,,1.1949364621476126,0.9813709536093308,0.015513205194774754,0.06256007019750168,0.12337183456101872,0.04534472101023272,0.004090299199204062,0.18184160555931633,0.007871763452896488,0.007871763452896488,31.46247708032981,31.46247708032981,0.0,1.1949728380695317,0.9813698193916166,0.0007749099968241481,37.96616467674519,0.0,5.672725637802379,0.5801592818511587,0.18516693934698272,1.9142778643927765,0.020544409832893774,0.18630316208403733,6.064315888682053,6.79462428405148,1.9233222845656108,2.659758408618169,10.199181764115364,6.208762352573797,0.7152128041209305
0.5,30.0,0.006263541684643848,0.0006350795300776791,0.005018808678372975,0.007508274690914721,0.00038973103047233883,0.0012042929274498294,2.2864285363081597e-05,0.000745479081652786,0.004802402684604387,0.007724680684683309,0.0014163546576643723,0.003487486555621678,0.009039596813666017,31.354764445476366,1.0787232538622964,0.5502110198920159,7.686731008307986,0.026733666331050322,1.2112352016637284,28.98074345021546,33.728785440737276,7.781575952712464,16.10287557815994,46.606653312792794,29.24050571862041,33.46902317233233,0.0,,0.0,0.0,0.0,,,0.0,0.0,0.0,0.0,0.0,0.0,0.0,0.996,,1.2770862068272657,0.9789847973102437,0.011956800337145185,0.04879210878214186,0.09566276610375099,0.03308790410950153,0.007375145388323429,0.1370797294975694,0.006249698616172856,0.006249698616172856,31.368577799869595,31.368577799869595,0.0,1.2771014480262513,0.9789842957015105,0.0007749099968241481,38.054751038926916,0.0,5.472638627546982,0.6140894091221338,0.1765037009135918,1.8812477129367822,0.021002275764885933,0.17774884535067725,6.549065533321361,7.245841007096017,1.8896263147652692,3.193785693268761,10.601120847148616,6.208762352573797,0.7152128041209305
0.6666666666666666,40.0,0.0045059796421728915,0.00046932078032040927,0.003586127815548655,0.005425831468797129,0.0003500440406866745,0.0008322750900062259,1.6370457402511186e-05,0.0005857139379734611,0.0033579803237449076,0.005653978960600875,0.0010177144209360754,0.002511259377138184,0.006500699907207599,32.048932550722895,1.1296340799330298,0.37045259430395217,8.150418398862959,0.027144222968196484,1.1891362781503299,29.71822544554825,34.37963965589754,8.23670839380253,15.904984098869935,48.19288100257586,29.834890438345116,34.26297466310068,0.0,,0.0,0.0,0.0,,,0.0,0.0,0.0,0.0,0.0,0.0,0.0,0.8300000000000001,,1.3290777061911758,0.9780639328643678,0.009585065070773672,0.034975849308986645,0.07254930438641943,0.02474687221317057,0.00525870730988872,0.10226644638551735,0.0045058482674321465,0.0045058482674321465,32.04913065386214,32.04913065386214,0.0,1.3290777095242534,0.9780639327543447,0.0007749099968241481,38.141390141099436,0.0,4.825441013076083,0.7108441105540724,0.1461570912594224,1.9525654221203268,0.021013727842751902,0.1476599880917792,6.662970239122418,7.2417973924421934,1.9581407507488309,3.1144279443145977,10.790339687250015,6.208762352573797,0.7152128041209305
0.8333333333333334,50.0,0.003498980796134223,0.00034723229124464683,0.0028184180110253925,0.004179543581243054,0.0002682192654276993,0.0007278081161667945,1.2246131573551878e-05,0.00043893257587936964,0.0026386729474106585,0.004359288644857787,0.0008499214435030786,0.001833134766868189,0.005164826825400257,32.68662675243658,1.0956039326616112,0.6471853222773443,8.161307033086826,0.02776846291143652,1.2727795984251482,30.19197873952329,35.18127476534987,8.259957650889003,16.497109756694137,48.876143748179025,30.539282503099376,34.83397100177378,0.0,,0.0,0.0,0.0,,,0.0,0.0,0.0,0.0,0.0,0.0,0.0,0.8300000000000001,,1.283382049060254,0.9803394993697359,0.007363067356474333,0.027690778207878533,0.05655400224525792,0.02020648012890343,0.002517689173917509,0.08172709127921894,0.0035047925588561194,0.0035047925588561194,32.67565429099955,32.67565429099955,0.0,1.2833910147242111,0.9803392246735801,0.0007749099968241481,38.225797237731584,0.0,4.339846991601201,0.7751817889907251,0.12368258453009948,1.9760742841856838,0.021018081581608235,0.1254557350997408,6.727289489880172,7.219075971471155,1.9800527058867345,3.092279427137664,10.854086034213664,6.208762352573797,0.7152128041209305
1.0,60.0,0.0035421767857641605,0.00035320680946339286,0.0028499041601216094,0.004234449411406712,0.00020876901105911557,0.0004796668609018262,1.341090635118232e-05,0.00041051114800827373,0.002737574935667944,0.004346778635860377,0.0006313475271880636,0.002304735632475556,0.004779617939052765,32.31650184069141,1.101725897813324,0.5657175907687931,8.042755673253875,0.026896208981919852,1.2387734871538951,29.888505805869773,34.74449787551304,8.137596609081383,16.3668124868919,48.266191194490915,30.157158760142238,34.47584492124058,0.0,,0.0,0.0,0.0,,,0.0,0.0,0.0,0.0,0.0,0.0,0.0,0.996,,1.329027895016535,0.9794393459144549,0.006702959073905703,0.030262828266930143,0.0565384278366405,0.01720946526315079,0.009670076136009773,0.07713117996756087,0.003536487847349125,0.003536487847349125,32.327274098943825,32.327274098943825,0.0,1.3290361299399989,0.9794390911177904,0.0007749099968241481,38.30768758329221,0.0,4.380332530891494,0.7766515742977358,0.18187155389675436,1.9898632769042532,0.02099862902770406,0.18307977643055817,6.944661024556533,7.66233374816432,1.9982677661689876,3.386892564669211,11.220102208051642,6.208762352573797,0.7152128041209305
1.1666666666666667,70.0,0.0029616424588786807,0.00022806565773146113,0.002514641983614578,0.0034086429341427834,0.00024389739228193876,0.0005586270529985959,1.0049850709708691e-05,0.00033406718141371105,0.002306870783307807,0.0036164141344495544,0.0006508955876633344,0.0016858871070585453,0.004237397810698816,32.89690485560025,0.8648135893683617,0.89349654777364,7.61051241929578,0.028013032817112912,1.2437939360067707,30.45906874102698,35.33474097017352,7.7114799253776525,17.782404201860047,48.01140550934045,31.20190136709745,34.59190834410305,0.0,,0.0,0.0,0.0,,,0.0,0.0,0.0,0.0,0.0,0.0,0.0,0.996,,1.0392443494114376,0.9879762345601716,0.005595832571321057,0.025156626602467515,0.047092290282046055,0.015686078140827783,0.005379745286234333,0.06686917159827924,0.0029615989288707643,0.0029615989288707643,32.896746906972716,32.896746906972716,0.0,1.039244354657496,0.9879762344387808,0.0007749099968241481,38.38677643225015,0.0,4.056618246457387,0.8167966413557923,0.1812774376278748,2.0009662391233762,0.02083379621488046,0.18247070027171813,6.879995966055777,7.5952811111209115,2.0092688835915413,3.299471526748923,11.175805550427764,6.208762352573797,0.7152128041209305
1.3333333333333333,80.0,0.002439414661899573,0.00024156126306823186,0.0019659632862258332,0.0029128660375733126,0.00011226733960978295,0.00047922273481101294,8.511857250084367e-06,0.00026651125880912364,0.0019170525946336906,0.002961776729165455,0.0005483454026722301,0.0013646576726620019,0.003514171651137144,33.39531953800358,1.1247492649627362,0.46078640294498857,7.905167776855345,0.02810050821079486,1.215802063139762,31.012347494249642,35.77829158175751,7.998115542861767,17.71901307399451,49.07162600201264,31.190851487038714,35.59978758896844,0.0,,0.0,0.0,0.0,,,0.0,0.0,0.0,0.0,0.0,0.0,0.0,0.996,,1.3391918638167555,0.9799149386887018,0.004543583759040643,0.02121869003762752,0.039029538373066844,0.013434210073098526,0.00379306246207407,0.056455165948620295,0.0024418634490744467,0.0024418634490744467,33.38895633475842,33.38895633475842,0.0,1.3391951811078828,0.9799148391837988,0.0007749099968241481,38.462779039074285,0.0,3.61380836454775,0.853742618073177,0.13412097201664933,1.9945564459712801,0.02095836249757449,0.13574862096268445,7.127098391794398,7.659232985968121,1.9991706040903199,3.4747913048642323,11.311540072898286,6.208762352573797,0.7152128041209305
1.5,90.0,0.002394609288270185,0.0002464505512457223,0.0019115750838585262,0.0028776434926818437,0.00016863874560516749,0.0004372564979420628,8.416882238178207e-06,0.0002987436101998102,0.001809071812278557,0.002980146764261813,0.00052956679430245,0.001356658371437383,0.003432560205102987,33.78971581483489,1.1899574151258767,0.52211515090917,7.690207049330237,0.028210909528110388,1.2997687240576175,31.24216911568196,36.337262513987824,7.799274530211566,18.50313773562022,49.07629389404956,31.457442138051796,36.12198949161799,0.0,,0.0,0.0,0.0,,,0.0,0.0,0.0,0.0,0.0,0.0,0.0,0.996,,1.438570632315114,0.9775824871902994,0.005118191568872001,0.01956766425618169,0.039630975206159935,0.012933339266010533,0.004249974769790166,0.054948664692551455,0.002393191322292122,0.002393191322292122,33.7936508830064,33.7936508830064,0.0,1.4385717883810198,0.9775824511599063,0.0007749099968241481,38.535410658233424,0.0,3.7025577998229355,0.8514992181746057,0.22028975246560661,2.010105205902554,0.02120112139151674,0.22130761981824318,7.367288536262675,8.234814405950189,2.02225122113603,3.837439077679813,11.764663864533052,6.208762352573797,0.7152128041209305
1.6666666666666667,100.0,0.0021958461695986363,0.00016485631581997923,0.0018727337279675163,0.0025189586112297564,0.0001304079952157735,0.0004366792447110695,7.034232168200263e-06,0.0002103172139985933,0.0017836244301613934,0.002608067909035879,0.0004846876244196464,0.0012458584257361294,0.0031458339134611433,34.368367779241716,0.8838855665385578,0.4382923401831419,7.490096153815892,0.029180069311661592,0.9870184125149012,32.43381169071251,36.30292386777092,7.5548491540235965,19.560863437355465,49.175872121127966,32.63598390237136,36.100751656112074,0.0,,0.0,0.0,0.0,,,0.0,0.0,0.0,0.0,0.0,0.0,0.0,0.996,,1.0716698345140558,0.9883737003826325,0.003644886569893205,0.02036827444997146,0.034656229803952825,0.01179107135432431,0.004401752272486497,0.050622751981437786,0.0021954363477602744,0.0021954363477602744,34.36974839760079,34.36974839760079,0.0,1.071670009149764,0.988373696593467,0.0007749099968241481,38.60438654419643,0.0,3.490273676096322,0.8766785956321597,0.18576340329197008,2.0501716697074825,0.021095668902524806,0.18695739955685112,7.367083323838278,8.099956330101135,2.0586784461202843,3.6985100725739493,11.768529581365463,6.208762352573797,0.7152128041209305
1.8333333333333333,110.0,0.0019339635995511023,0.0001496708701557269,0.0016406140845111068,0.0022273131145910978,0.0001226272935427017,0.0004121713122867458,6.204925036555669e-06,0.00019359060821612617,0.001554526007447495,0.0023134011916547095,0.0004553707437480671,0.0010414369418048908,0.0028264902572973137,34.886387055134215,0.9231237411397745,0.3576030003716834,7.5473673927064,0.02946087059811319,0.990406628727374,32.94519006282856,36.82758404743987,7.61207329514863,19.9667233966429,49.806050713625524,33.077097769226384,36.695676341042045,0.0,,0.0,0.0,0.0,,,0.0,0.0,0.0,0.0,0.0,0.0,0.0,0.996,,1.1137443896180679,0.9878418862619275,0.0033848640285011377,0.018216931140501307,0.03148559813222577,0.010860104063562213,0.0035654606717815986,0.04613706860094548,0.001935102934368155,0.001935102934368155,34.88162239319653,34.88162239319653,0.0,1.113746072887786,0.9878418495113044,0.0007749099968241481,38.66942195143215,0.0,3.1522658178500413,0.9026040700816962,0.187818727820741,2.098721047470399,0.0195994349916304,0.18883858814392976,7.342997265883683,8.083244531407887,2.107199574664783,3.583009732302811,11.84323206498876,6.208762352573797,0.7152128041209305
2.0,120.0,0.0018391001381732471,0.00013553686450762387,0.0015734527651608192,0.002104747511185675,9.100746426857113e-05,0.00037839536830480594,5.840399914416521e-06,0.00016336067600347873,0.0015189132132064288,0.0021592870631400654,0.00041215259943235016,0.0010312810432858408,0.0026469192330606534,34.46065882323778,0.8702374193862525,0.7370702542396197,7.377616194488955,0.029290670869652584,1.1408083402504106,32.224674476346976,36.69664317012858,7.465297340519705,19.828676035819157,49.0926416106564,32.75502482324165,36.16629282323391,0.0,,0.0,0.0,0.0,,,0.0,0.0,0.0,0.0,0.0,0.0,0.0,0.996,,1.0559514729141959,0.9887980222140341,0.0029346064031721126,0.01727712679278788,0.028780783893222563,0.00992807007839108,0.003569937989358705,0.042487972696651735,0.0018380280328930258,0.0018380280328930258,34.465358548482705,34.465358548482705,0.0,1.0559532667361342,0.9887979841547652,0.0007749099968241481,38.73023213440944,0.0,2.9802875050876763,0.9107674897555373,0.15316687250229957,2.0508586489649026,0.020921640596238515,0.1545891518748126,7.453853682387827,8.059843157737092,2.056676689203123,3.7257621092243385,11.78793473090058,6.208762352573797,0.7152128041209305
2.316666666666667,139.0,0.0016225481490172563,0.00011419850432462112,0.0013987231934526573,0.0018463731045818554,8.806313528871574e-05,0.0003437018572029206,5.048266790192595e-06,0.0001442979528075299,0.0013397241615144978,0.001905372136520015,0.00037276382044020977,0.0008919310609544453,0.0023531652370800673,34.84852215276471,0.8415150661736749,0.5702196380750054,7.261510512015237,0.029636893278665605,1.0169446335405314,32.855310671025265,36.84173363450415,7.332374192837861,20.4770687348025,49.219975570726916,33.199182930616466,36.49786137491295,0.0,,0.0,0.0,0.0,,,0.0,0.0,0.0,0.0,0.0,0.0,0.0,0.996,,1.024578019309204,0.9897639866020996,0.0025033763288235065,0.015704554769477175,0.025517789978465318,0.00880656430836272,0.0033503063295803152,0.037872038418362175,0.001623124144831124,0.001623124144831124,34.845833089774786,34.845833089774786,0.0,1.0245787110100724,0.9897639727812648,0.0007749099968241481,38.83311117311448,0.0,2.6527476775877923,0.9313828520848683,0.2014684225015849,2.0555993845874343,0.0212185787374337,0.2025827074281361,7.478830003931726,8.27295421705002,2.065557693037198,3.827399032137965,11.92438518884378,6.208762352573797,0.7152128041209305
2.65,159.0,0.0014998001643923653,0.00011155811503072601,0.0012811502767489658,0.0017184500520357649,8.923407740619245e-05,0.00029147253289993173,4.632688867428673e-06,0.00014293143603100558,0.0012196545497715943,0.0017799457790131363,0.00032463153395963744,0.000863522357831476,0.0021360779709532545,35.10166760220035,0.8986824594148098,0.5682529808482623,7.294929546966991,0.02979584521944054,1.0636867045775875,33.01684166122828,37.186493543172425,7.372070706437042,20.65240901758375,49.55092618681695,33.34028234820944,36.86305285619126,0.0,,0.0,0.0,0.0,,,0.0,0.0,0.0,0.0,0.0,0.0,0.0,0.996,,1.103874480342457,0.9883150636361726,0.0025953147649915805,0.014424075565386395,0.024597709444153393,0.007969931776673532,0.003889826222489772,0.03513195878705001,0.0014994442664712166,0.0014994442664712166,35.10350424022649,35.10350424022649,0.0,1.103874781482117,0.9883150572608133,0.0007749099968241481,38.92166903458288,0.0,2.484661786260237,0.9408000246052155,0.13979454731371213,2.0499986324479935,0.021046072529017124,0.14136991415270206,7.874817839697063,8.428987903175654,2.0548673547619045,4.124362856103026,12.179442886769692,6.208762352573797,0.7152128041209305
2.9833333333333334,179.0,0.0013666281619362103,9.613758986786545e-05,0.001178201948234711,0.0015550543756377095,8.546815627653281e-05,0.0002853336553644556,4.105911145022471e-06,0.00012870159450932442,0.0011143730366979343,0.0016188832871744862,0.00031301660549064243,0.0007531156151745511,0.0019801407086978695,35.61980942554981,0.8637180341583035,0.8278043043170221,7.0376242323787555,0.03025775931781901,1.196739044560262,33.274200898211696,37.965417952887925,7.138651075444133,21.62805331767931,49.61156553342031,33.9269531858018,37.31266566529782,0.0,,0.0,0.0,0.0,,,0.0,0.0,0.0,0.0,0.0,0.0,0.0,0.996,,1.0652550164006123,0.9895127189586788,0.002377191861262971,0.012837172521331808,0.022155764617482653,0.007416521030341709,0.002960087349937482,0.03203284978887698,0.0013670520284277132,0.0013670520284277132,35.61753223037441,35.61753223037441,0.0,1.0652555653184739,0.9895127081506426,0.0007749099968241481,38.98774498660695,0.0,2.2354886414432587,0.953815030029022,0.14475710716601534,2.093778839981997,0.020553522644360722,0.14620898525113118,8.033269585198926,8.60640880738336,2.09887753290289,4.206039231801479,12.433639160780807,6.208762352573797,0.7152128041209305
3.316666666666667,199.0,0.0013117531834871247,9.840897657078981e-05,0.0011188751336529308,0.0015046312333213186,6.837392301193406e-05,0.00024598460035655904,4.07305677468034e-06,0.0001198995821896053,0.0010767500023954983,0.0015467563645787511,0.00027365001995581506,0.0007753991443737272,0.001848107222600522,35.81333862501141,0.9294582930712084,0.7638936743236836,7.094475244203599,0.030106957313226667,1.203466947244187,33.4545434084128,38.17213384161002,7.195825990372958,21.709519683880416,49.91715756614241,33.991633845459766,37.635043404563056,0.0,,0.0,0.0,0.0,,,0.0,0.0,0.0,0.0,0.0,0.0,0.0,1.1620000000000001,,1.1584090962236722,0.9877720906778326,0.002226383860830984,0.01258320199088615,0.021310626725343607,0.006811675665274301,0.0035960300541772496,0.030297798662052507,0.0013112005211310242,0.0013112005211310242,35.81609900958696,35.81609900958696,0.0,1.1584100461813505,0.9877720706227395,0.0007749099968241481,39.02906106493749,0.0,2.1757929700412935,0.9568616599325632,0.15802513964497314,2.116712610748149,0.021401506258684776,0.15946776862411347,8.31120812547457,8.936321778481096,2.122711060349524,4.463251273692767,12.7842786302629,6.208762352573797,0.7152128041209305
3.65,219.0,0.0011847919525995714,8.353523746075885e-05,0.0010210658957364829,0.00134851800946266,4.614436588230469e-05,0.00022376942216370107,3.5806711796200997e-06,9.550005029528484e-05,0.000997611854020813,0.0013719720511783298,0.00024329614444515681,0.000707931509487064,0.0016616523957120788,35.70851560640729,0.8706794273235078,0.5508590784708799,7.0724315023347595,0.03023416240573593,1.030748511555828,33.68824852375786,37.728782689056715,7.1471483718537465,21.700104797573946,49.716926415240636,34.00201528677326,37.41501592604132,0.0,,0.0,0.0,0.0,,,0.0,0.0,0.0,0.0,0.0,0.0,0.0,1.1620000000000001,,1.0840890868475572,0.989280215160669,0.0017344693719409192,0.011881812885200826,0.018680932823209227,0.006063252703380538,0.0033973975555791746,0.02716534815283088,0.0011853049163465608,0.0011853049163465608,35.7057069913178,35.7057069913178,0.0,1.0840901477919105,0.9892801941788126,0.0007749099968241481,39.04333930532527,0.0,1.8529301944274152,0.9686834263119063,0.22327931486413385,2.106259935469623,0.020815663598104325,0.22424750678040206,8.093648051454114,8.972698278033288,2.118163794436523,4.381572127648116,12.684774201839286,6.208762352573797,0.7152128041209305
3.9833333333333334,239.0,0.001171647432487731,9.057846483753858e-05,0.0009941169036312278,0.0013491779613442343,6.783702871274794e-05,0.0002075092144339105,3.620638436289151e-06,0.00011322292073421236,0.0009497305078486748,0.0013935643571267873,0.00023638845964759868,0.0007083260515784376,0.0016349688133970243,35.87742539068315,0.9631486616511294,0.5631934697036873,6.9291823809782995,0.030145729582001367,1.116132157842104,33.68980636131263,38.065044420053674,7.0184983766208395,22.121168572506306,49.633682208859994,33.98968870208898,37.76516207927732,0.0,,0.0,0.0,0.0,,,0.0,0.0,0.0,0.0,0.0,0.0,0.0,1.1620000000000001,,1.2142826568270801,0.9866358742782906,0.0020930683329217128,0.010971698821033337,0.01917652668608645,0.005907734734647948,0.003494952673649916,0.02665327283346987,0.0011715310388779455,0.0011715310388779455,35.87805606478654,35.87805606478654,0.0,1.2142827128105198,0.9866358730460079,0.0007749099968241481,39.03146052798791,0.0,1.918033846829438,0.9666563221268749,0.14908849150429865,2.0915716681315106,0.021479874977167118,0.1506278969117675,8.631629939871592,9.22209129576572,2.0969885088522764,4.816763140468194,13.036958095169119,6.208762352573797,0.7152128041209305
4.316666666666666,259.0,0.0011268524618556009,8.485063323653148e-05,0.0009605482766465819,0.00129315664706462,6.0517204564268394e-05,0.0002141197382512734,3.4306508115790745e-06,0.00010427718529910977,0.0009224691786693457,0.001331235745041856,0.0002381616965061735,0.0006600555367035008,0.001593649387007701,36.24682589797314,0.9498296901726808,0.4664829336512567,6.593306074491701,0.03043921708465712,1.058635590587309,34.17190014042201,38.32175165552427,6.677753687100723,23.15842867125572,49.33522312469056,34.385193913787845,38.10845788215843,0.0,,0.0,0.0,0.0,,,0.0,0.0,0.0,0.0,0.0,0.0,0.0,1.1620000000000001,,1.2057348198775082,0.9871920800993748,0.0019009877567472962,0.01070970887825848,0.01816158088470788,0.005699696383912266,0.0032642399690151393,0.025607049793951224,0.0011263531944267372,0.0011263531944267372,36.25046424131918,36.25046424131918,0.0,1.2057359310974785,0.9871920564914924,0.0007749099968241481,38.99789007029539,0.0,1.8271423971942495,0.9705883230340066,0.17741588141915482,2.0981317394594363,0.021536823695782158,0.17871829720159826,8.791139508261967,9.491715233292233,2.1057295709282613,5.014197411757708,13.268657329796492,6.208762352573797,0.7152128041209305
4.65,279.0,0.001001099740702347,6.261601589108723e-05,0.0008783746047004283,0.0011238248767042657,4.004927828898178e-05,0.00019866207783039225,2.907106749699966e-06,7.438522304325871e-05,0.0008553047035375599,0.001146894777867134,0.000212131521879904,0.0005853219578177351,0.001416877523586959,37.06319268305252,0.8048881987512388,0.359553575173821,6.804194622244624,0.031246888537449544,0.8820998548648346,35.33427696751745,38.792108398587594,6.861134353103371,23.615369350969914,50.51101601513513,35.48564080191878,38.640744564186264,0.0,,0.0,0.0,0.0,,,0.0,0.0,0.0,0.0,0.0,0.0,0.0,1.1620000000000001,,1.0143279515523338,0.9914635693251426,0.0013754169598056327,0.010595748887414377,0.015987383369852455,0.005192985623161092,0.0031133143072376752,0.023469817950029156,0.0010017946409794274,0.0010017946409794274,37.056939151113426,37.056939151113426,0.0,1.0143313908760068,0.9914635114353884,0.0007749099968241481,38.945726743727,0.0,1.3967546356117955,0.9838132457308502,0.1975182892762117,2.1728862318497777,0.02150673166608819,0.19868571691381937,8.639120278148448,9.417968288450622,2.181951097221907,4.751920132744597,13.305168433854472,6.208762352573797,0.7152128041209305
4.983333333333333,299.0,0.001019094002336596,8.372083370453362e-05,0.0008550041835200432,0.0011831838211531491,5.291660269885487e-05,0.0001782832324242472,3.2004413338846825e-06,9.909383261385275e-05,0.0008248700904134446,0.0012133179142597476,0.00020397180840925152,0.0006193092578544631,0.001418878746818729,36.46160764570944,1.0447370566624905,0.6105568196884493,6.676861113939705,0.030329154129215045,1.21044413552302,34.089137140084325,38.83407815133456,6.785694462622247,23.161646498969837,49.76156879244905,34.41396064133658,38.509254650082305,0.0,,0.0,0.0,0.0,,,0.0,0.0,0.0,0.0,0.0,0.0,0.0,1.1620000000000001,,1.3358081661850094,0.9844610815862768,0.0018396846771185043,0.009651312052644552,0.01686287598694909,0.005059130790516151,0.0033411976703851647,0.023172990369208477,0.0010187155844136075,0.0010187155844136075,36.46515597193881,36.46515597193881,0.0,1.3358089143554592,0.9844610641799408,0.0007749099968241481,38.87806935976206,0.0,1.6797340474635154,0.97542951954854,0.1525237581796524,2.129317423014783,0.021606302531109307,0.15404651608624878,9.095483139363743,9.699345482421837,2.134882436358646,5.213044735629844,13.581783886155737,6.208762352573797,0.7152128041209305
5.316666666666666,319.0,0.0009752352983818193,7.457466719792723e-05,0.0008290716365148214,0.0011213989602488173,5.7597596336539513e-05,0.00015717188322614912,3.046247746971886e-06,9.427695220341229e-05,0.0007904524720631313,0.0011600181247005074,0.00018327887110526064,0.0006160087110155085,0.0013344618857481301,36.72164105664493,0.9804230360192104,0.7345942084130845,6.837756076032496,0.030506943331915386,1.2254748688498793,34.31971031369916,39.12357179959069,6.946704024895687,23.10610116784938,50.33718094544047,34.80004721643386,38.643234896855994,0.0,,0.0,0.0,0.0,,,0.0,0.0,0.0,0.0,0.0,0.0,0.0,1.1620000000000001,,1.2579645218232907,0.986644249086434,0.0017655324716812657,0.009503387053717416,0.016424274342707976,0.004752262616840596,0.003649395969205129,0.022278265427220265,0.0009749411917861289,0.0009749411917861289,36.72402639500669,36.72402639500669,0.0,1.2579650047393163,0.9866442388322381,0.0007749099968241481,38.798016729879876,0.0,1.5259127420346847,0.9803487163626992,0.1966227246525309,2.1717450842503845,0.021616877406566967,0.19780744485128846,9.048109727582396,9.823514911399446,2.1807348523386114,5.1615720089072425,13.7100526300746,6.208762352573797,0.7152128041209305
5.65,339.0,0.0008791165370651054,6.338335085058825e-05,0.0007548874521784862,0.0010033456219517246,4.488553862817868e-05,0.00017513417722733263,2.553676115235094e-06,7.770895704287897e-05,0.0007268069812610626,0.0010314260928691481,0.00019160026627796414,0.0005035800151602957,0.001254653058969915,37.355694078993885,0.9383023432818806,0.493280416617869,6.532595029423352,0.031382648983118606,1.0605289847449544,35.27705726889378,39.43433088909399,6.61812054483226,24.384177811122655,50.327210346865115,35.51665527955186,39.19473287843591,0.0,,0.0,0.0,0.0,,,0.0,0.0,0.0,0.0,0.0,0.0,0.0,1.1620000000000001,,1.1952648967777002,0.9882057135355216,0.001460451361131713,0.008670652067082129,0.014395621402718443,0.0045761545148417645,0.002563873885810428,0.020502399583990145,0.000879609152217856,0.000879609152217856,37.350919657098515,37.350919657098515,0.0,1.1952668687878332,0.9882056746178361,0.0007749099968241481,38.708667665559766,0.0,1.299489360466701,0.9860591646518446,0.08519991652037451,2.1455884728380417,0.021628046971796884,0.08790220811158862,9.303877501258674,9.648454157056102,2.1473883423746094,5.267284678103153,13.685046980211624,6.208762352573797,0.7152128041209305
5.983333333333333,359.0,0.0009027278359848019,5.9160076717352797e-05,0.0007867762162961638,0.00101867945567344,4.88196476881041e-05,0.00016114839224700165,2.665029872380869e-06,7.674877889461408e-05,0.0007523002293513582,0.0010531554426182455,0.0001784913986320009,0.0005528846946660801,0.0012525709773035236,37.04426342654604,0.8493581845265903,0.38098876277347954,6.417658285980218,0.031060586634232015,0.9314110387063461,35.2186977906816,38.869829062410474,6.484895095422483,24.33386903951797,49.754657813574106,35.3795519748996,38.70897487819248,0.0,,0.0,0.0,0.0,,,0.0,0.0,0.0,0.0,0.0,0.0,0.0,1.1620000000000001,,1.0973700791761425,0.9901227184669925,0.0014287777756317153,0.00904442276046627,0.014645231640942596,0.004387666705785349,0.003245000457365149,0.02044465394404372,0.0009023426761920458,0.0009023426761920458,37.04744903674481,37.04744903674481,0.0,1.097371282973457,0.9901226967965429,0.0007749099968241481,38.61312097828103,0.0,1.2569583908279192,0.9870409547471163,0.16118022459303494,2.14761838200266,0.021664704792061857,0.16262971510024965,9.289138177718558,9.926646660911535,2.153767197017661,5.38650871316043,13.829276125469661,6.208762352573797,0.7152128041209305
6.316666666666666,379.0,0.000883713979187467,6.511586400642344e-05,0.0007560892309126689,0.001011338727462265,3.56967895870264e-05,0.00015740121259386254,2.659280802586563e-06,7.430617946382705e-05,0.0007380738674383659,0.0010293540909365679,0.00017405904180055912,0.0005425582572583711,0.0012248697011165628,36.73462951292363,0.948533053578206,0.651033705384842,6.229706636408392,0.03073956584408368,1.150871304788592,34.47892175553799,38.990337270309276,6.335120325289533,24.31779367535615,49.151465350491115,34.87553888976455,38.593720136082716,0.0,,0.0,0.0,0.0,,,0.0,0.0,0.0,0.0,0.0,0.0,0.0,1.328,,1.2324093940043817,0.9871823462843731,0.0013865228508907323,0.008618454406947633,0.014053623982439301,0.004216186360672913,0.0030723139277745587,0.019599764461612375,0.000884076940343324,0.000884076940343324,36.73208695727866,36.73208695727866,0.0,1.232410439792838,0.9871823245309524,0.0007749099968241481,38.514475479522986,0.0,1.3687173764840268,0.984190210191409,0.2335975481441966,2.103671397256223,0.021708077696765037,0.2346040390450877,9.301838374949488,10.221486208006231,2.116712640575054,5.612905515950754,13.910419067004966,6.208762352573797,0.7152128041209305
6.65,399.0,0.0009369216324314088,5.315859662811805e-05,0.0008327326975716051,0.0010411105672912125,4.297415914879043e-05,0.00015976038990381323,2.685886715407485e-06,6.840927376799534e-05,0.000802839455846138,0.0010710038090166797,0.00017379071010753986,0.0005962918406206307,0.001277551424242187,37.20981611477659,0.7437036845638085,0.620594101303108,5.918921251439947,0.03130545083969479,0.9691296302653601,35.31032203945648,39.10931019009669,5.997736324731665,25.454252918302522,48.96537931125065,35.75218367786179,38.667448551691386,0.0,,0.0,0.0,0.0,,,0.0,0.0,0.0,0.0,0.0,0.0,0.0,1.328,,0.9848227049541616,0.9922957827359263,0.0012907536366002746,0.009791853524863997,0.014851607780337074,0.004239819392301077,0.004011684643690425,0.020631776661510646,0.0009365341466151411,0.0009365341466151411,37.212799296825665,37.212799296825665,0.0,0.9848241051843154,0.9922957608280542,0.0007749099968241481,38.41582998076495,0.0,1.2492128556919675,0.9876038932870072,0.1814868721126459,2.1316746510252305,0.021526285524869283,0.18275903730795387,9.77962200349271,10.496037429739888,2.1394947262242243,5.944420053216819,14.331239380015777,6.208762352573797,0.7152128041209305
6.983333333333333,419.0,0.000882421424246435,5.680359873433499e-05,0.0007710884165348734,0.0009937544319579966,2.58680358911279e-05,0.00013975133526934763,2.5849011884643457e-06,6.246987933548575e-05,0.0007599804607488829,0.0010048623877439871,0.0001530781549854706,0.0005823882404749126,0.0011824546080179573,37.59246819634246,0.8520213564233217,0.5185253992520836,6.248392834276264,0.03137575319945125,0.9978944931002488,35.63659498986597,39.54834140281895,6.327575082983588,25.190421033694626,49.99451535899029,35.922537023693785,39.26239936899113,0.0,,0.0,0.0,0.0,,,0.0,0.0,0.0,0.0,0.0,0.0,0.0,1.328,,1.1260902230966772,0.990027047475694,0.001193574154232231,0.009477647389624217,0.014156458074214562,0.003975745078621627,0.0040245923778210015,0.019609513086017778,0.0008825609896616536,0.0008825609896616536,37.59115470932868,37.59115470932868,0.0,1.1260904069494122,0.9900270442191971,0.0007749099968241481,38.32028329348621,0.0,1.2439447463611366,0.9878303088554979,0.14451294734545156,2.1886572993551523,0.021479087208152472,0.14610045563845678,9.983930950588185,10.556644736690934,2.1935282348669127,5.970972503300411,14.569603183978709,6.208762352573797,0.7152128041209305
7.316666666666666,439.0,0.0008457346686019851,5.3282164872789604e-05,0.0007413035444329923,0.0009501657927709779,4.404229454344939e-05,0.000143041500340751,2.438631559385059e-06,6.91712348166889e-05,0.0007101590483612749,0.0009813102888426954,0.0001588884216857811,0.0005343133620978541,0.001157155975106116,37.7063992183787,0.8365590573080709,0.563234852110782,6.066302320835346,0.03154956881858275,1.0089895590584974,35.728779682624044,39.684018754133355,6.149640947084746,25.653102962092596,49.7596954746648,36.0667735951141,39.3460248416433,0.0,,0.0,0.0,0.0,,,0.0,0.0,0.0,0.0,0.0,0.0,0.0,1.328,,1.1064577867857592,0.9904207291926563,0.0013163691727602574,0.008649158812000785,0.013809325969220994,0.0039292963611207675,0.0035278215228141856,0.018930663258407594,0.0008457531272680438,0.0008457531272680438,37.70647697747736,37.70647697747736,0.0,1.1064577954908972,0.9904207290419251,0.0007749099968241481,38.2309342291661,0.0,1.1630052645453768,0.9894165780035472,0.1157508278891992,2.1742014344447194,0.02187181766305331,0.11779911105318608,10.093058385889515,10.554830901218006,2.1773902976054607,6.056259660247058,14.591629626860463,6.208762352573797,0.7152128041209305
7.65,459.0,0.0008382038603904065,4.4898351353658146e-05,0.0007502047087720113,0.0009262030120088017,4.155028906391886e-05,0.0001444801328750198,2.336075601883035e-06,6.1218834722571e-05,0.0007182149443341674,0.0009581927764466457,0.00015691480019543356,0.0005306508520073567,0.0011457568687734563,37.92152473727741,0.7164932828288266,0.6011887227046474,5.871295679605712,0.031896662365134,0.9358460886898603,36.087266403445284,39.75578307110953,5.94541174848915,26.268517710238676,49.57453176431614,36.51722370776804,39.32582576678678,0.0,,0.0,0.0,0.0,,,0.0,0.0,0.0,0.0,0.0,0.0,0.0,1.328,,0.9535809629441139,0.9930722486060793,0.0011714731944320932,0.008824188372254908,0.013416363294428715,0.003833914225615073,0.003605803951136268,0.018634747715547354,0.0008383102355600608,0.0008383102355600608,37.91972275559697,37.91972275559697,0.0,0.9535811751127523,0.993072245523275,0.0007749099968241481,38.15088159928393,0.0,1.0189422436388609,0.9920900036116689,0.172203494540761,2.1747137930753726,0.021905636938788095,0.17359118774218898,10.09658906424798,10.777066520197359,2.1816310371495033,6.160830959409642,14.712824625035696,6.208762352573797,0.7152128041209305
7.983333333333333,479.0,0.0008456323895984615,4.7584937616509766e-05,0.0007523676256635171,0.0009388971535334059,4.685355622339501e-05,0.00013249340725007337,2.411901397709357e-06,6.682364317439027e-05,0.0007146580489766566,0.0009766067302202665,0.00014839104505269863,0.0005547859412951721,0.0011364788379017508,37.37145910326968,0.7434966335234351,0.6367606778778833,5.844079395371887,0.031404557609670834,0.9794067853506232,35.451821803982455,39.2910964025569,5.9255802779644355,25.757321758459383,48.985596448079974,35.914232478936974,38.828685727602384,0.0,,0.0,0.0,0.0,,,0.0,0.0,0.0,0.0,0.0,0.0,0.0,1.328,,0.9985449489235542,0.992152884642867,0.0012477672260179347,0.008626500214485954,0.013517747740476259,0.003691086274186365,0.0038375948800758305,0.01830665307488638,0.0008453247752479548,0.0008453247752479548,37.37550806329187,37.37550806329187,0.0,0.9985461873967961,0.9921528651776472,0.0007749099968241481,38.083224215318985,0.0,1.061758111259119,0.9911279092871705,0.19696381162879878,2.1507955115627433,0.02193927605518807,0.19818192381034824,10.159674411389942,10.936547552726507,2.1599068052773975,6.314693643714525,14.781528320401923,6.208762352573797,0.7152128041209305
8.316666666666666,499.0,0.0008050984898817353,4.486789245945096e-05,0.0007171590365989952,0.0008930379431644754,2.4074100112460175e-05,0.0001378084556428283,2.2322148594349504e-06,5.0967370475200046e-05,0.0007052024437503432,0.0009049945360131274,0.00014693142379973613,0.0005171128992342525,0.001093084080529218,38.26442494489359,0.7536578320021339,0.5660820865459061,5.758119675604083,0.03211233229704796,0.9431226104446226,36.41590462842213,40.11294526136505,5.834845538393518,26.828127689642294,49.70072220014489,36.78728273750287,39.74156715228431,0.0,,0.0,0.0,0.0,,,0.0,0.0,0.0,0.0,0.0,0.0,0.0,1.328,,1.0107209892001674,0.9923702161870295,0.0009976380025135127,0.008823991464138276,0.012734732433991248,0.0036111257732762752,0.0037015554334432627,0.01785716846468626,0.0008054518279508093,0.0008054518279508093,38.259458294938895,38.259458294938895,0.0,1.0107228997177027,0.9923701873425714,0.0007749099968241481,38.03106088875059,0.0,1.0463173618536816,0.9918233289391949,0.08542685856666513,2.195890057766936,0.02199449723088196,0.08821284528348625,10.55564900813443,10.901443361645697,2.197661177677916,6.421130276641349,15.035962093138778,6.208762352573797,0.7152128041209305
8.65,519.0,0.0008351206405590138,5.1379976034803615e-05,0.0007344177380042676,0.0009358235431137599,4.135100286883227e-05,0.00012556628934610239,2.417505818224825e-06,6.599736138646998e-05,0.0007057658122415326,0.0009644754688764949,0.00014185395563792158,0.0005570868875086875,0.00111315439360934,37.36265939777534,0.8151001821677454,0.6577487389593001,5.675254187737137,0.03127089029452651,1.0478547509804275,35.3088640858537,39.41645470969698,5.7711792273832705,26.05114811210413,48.67417068344655,35.76509239693452,38.96022639861616,0.0,,0.0,0.0,0.0,,,0.0,0.0,0.0,0.0,0.0,0.0,0.0,1.494,,1.1079911771964894,0.9903442726469052,0.0012704883592018507,0.008434495686984947,0.0134148100550562,0.003543844831678528,0.003978717000930658,0.01787058874111049,0.0008348474977539809,0.0008348474977539809,37.36623802892406,37.36623802892406,0.0,1.1079920853896683,0.9903442568177732,0.0007749099968241481,37.99749043105807,0.0,1.151013580185384,0.9895798664496704,0.12784353480008392,2.147776106515202,0.022036165787395125,0.1297288017087564,10.608848609608337,11.117385512306662,2.1516904437465882,6.6458037912141865,15.080430330700812,6.208762352573797,0.7152128041209305
8.983333333333333,539.0,0.0008190968158920241,5.3512038341301276e-05,0.0007142151480037471,0.0009239784837803012,3.0102606122303797e-05,0.00012272381255503902,2.391078384703121e-06,6.144446597243119e-05,0.000698665662586059,0.0009395279691979892,0.00013724633534882309,0.0005500939986083309,0.0010880996331757175,37.52561465442037,0.8699836608752726,0.7561417675177826,5.622144808873968,0.03129934709785493,1.153083514713314,35.26557096558228,39.78565834325847,5.739173620291698,26.276834358648642,48.774394950192104,35.82047801196653,39.23075129687422,0.0,,0.0,0.0,0.0,,,0.0,0.0,0.0,0.0,0.0,0.0,0.0,1.494,,1.1865123824077108,0.9889499562402508,0.0011794056619309655,0.008390243932311053,0.013013514127080437,0.0034324447280609147,0.003974287362696352,0.017429470696695138,0.0008192310667391128,0.0008192310667391128,37.524123528587474,37.524123528587474,0.0,1.186512589196286,0.9889499523885877,0.0007749099968241481,37.98561165372071,0.0,1.2087919167360874,0.9885310794939648,0.19488451265007525,2.141358921300316,0.022092489269813106,0.19613273911561566,10.65824323234914,11.427083569682353,2.1503223203011794,6.828031653225435,15.257295148806058,6.208762352573797,0.7152128041209305
9.316666666666666,559.0,0.0008093915341522794,5.2511785549356425e-05,0.00070647032571165,0.0009123127425929088,2.7834921462951733e-05,0.00011304373676632362,2.3544414389856237e-06,5.947952478727366e-05,0.000692811665569223,0.0009259714027353358,0.00012773683999149881,0.0005590273277689417,0.001059755740535617,37.766471359625925,0.8703922320603379,0.5720634657664345,5.732709320282432,0.03145347168018151,1.042030981965708,35.72409063497314,39.80885208427871,5.826644378905365,26.34624837697141,49.18669434228044,36.06053393236424,39.47240878688761,0.0,,0.0,0.0,0.0,,,0.0,0.0,0.0,0.0,0.0,0.0,0.0,1.494,,1.1923158437908143,0.9890493791498833,0.0011318364108238096,0.008503594067770117,0.012940392798199451,0.0033199838504954947,0.004214825086013615,0.017229161779955954,0.0008091503451413661,0.0008091503451413661,37.769098671124546,37.769098671124546,0.0,1.192316491182443,0.9890493672581648,0.0007749099968241481,37.988392054121604,0.0,1.2072396583054823,0.9887735331092394,0.15026798932260885,2.1700750819380734,0.0221403540200506,0.15189030216308366,10.895706310087728,11.491116294567018,2.1753842247151947,6.9296582218855916,15.457164382769154,6.208762352573797,0.7152128041209305
9.65,579.0,0.0007550288286394646,3.392595885944971e-05,0.0006885351711339556,0.0008215224861449735,3.0145307169169312e-05,0.00012202196235886236,2.002743739247177e-06,4.542819841620113e-05,0.0006659895597437103,0.0008440680975352188,0.00013020399574993605,0.0004998289969695899,0.0010102286603093393,38.30912964901659,0.6106004758127781,0.518783264523698,5.552068723386112,0.03241480861177193,0.8018851142339494,36.73743482511805,39.88082447291513,5.60967796273835,27.314160842049425,49.304098455983755,37.11237470748053,39.505884590552654,0.0,,0.0,0.0,0.0,,,0.0,0.0,0.0,0.0,0.0,0.0,0.0,1.494,,0.8312852512956626,0.9949765463848067,0.0008787628073682907,0.008424002136469355,0.011868752341353055,0.0032189884340411983,0.0038371599081904566,0.016455594569631953,0.0007554035095979479,0.0007554035095979479,38.3043025600459,38.3043025600459,0.0,0.8312881994190389,0.9949765107537468,0.0007749099968241481,37.99631201341733,0.0,0.8402149929009514,0.9948680419266809,0.1483346222421129,2.2061849455034888,0.021269649155710304,0.149851787212957,10.68242223361644,11.269841239491234,2.2112683174814287,6.642045834290237,15.310217638817438,6.208762352573797,0.7152128041209305
9.983333333333333,599.0,0.0007877709247399549,5.038596879979057e-05,0.0006890162405662065,0.0008865256089137033,2.2347807690749154e-05,0.00010678969713230635,2.2669635385388092e-06,5.5166198746707575e-05,0.000679645175196408,0.0008958966742835017,0.0001201971251643356,0.0005521845594178571,0.0010233572900620526,37.74566800835313,0.8590706808187444,0.42840911414714683,5.642270087681321,0.03150074125154351,0.960483784572192,35.86311979059163,39.628216226114624,5.723437851743435,26.527729818935995,48.96360619777026,36.06192041377408,39.429415602932174,0.0,,0.0,0.0,0.0,,,0.0,0.0,0.0,0.0,0.0,0.0,0.0,1.494,,1.1857813573752571,0.9891253749703829,0.0010344378099437837,0.00835831383202477,0.012413310047004402,0.003137851063249797,0.004235623855544984,0.01653600002348419,0.0007872976379826957,0.0007872976379826957,37.75135960850522,37.75135960850522,0.0,1.1857841548750534,0.9891253236594106,0.0007749099968241481,38.00873966874748,0.0,1.1892048059335223,0.9890624924493535,0.140124531685716,2.1669482470680808,0.0222071896405788,0.14187333664883567,11.12297333506165,11.679116814725086,2.1715876102803917,7.1447333587438004,15.657356791042936,6.208762352573797,0.7152128041209305
10.316666666666666,619.0,0.0007276897737143727,4.1753267946961654e-05,0.0006458548723014772,0.0008095246751272683,4.231106996412989e-05,0.00010208186274530116,2.0439601852514457e-06,5.947890213343857e-05,0.0006111111255328332,0.0008442684218959123,0.00011814586958734388,0.0004961238693231788,0.0009592556781055667,38.4039455086555,0.7826186878423343,0.7399694903837818,5.840618246496578,0.03206272652368434,1.0775318443976603,36.291983093636084,40.51590792367491,5.93918314055054,26.76314655317644,50.04474446413455,36.87004106685653,39.93784995045446,0.0,,0.0,0.0,0.0,,,0.0,0.0,0.0,0.0,0.0,0.0,0.0,1.494,,1.0712190500415275,0.9915175276027641,0.0011760645896688952,0.007578909371581916,0.012189082563083986,0.0030980091504664757,0.003811898032418659,0.015956093902247243,0.0007280548672360368,0.0007280548672360368,38.39933281540284,38.39933281540284,0.0,1.0712212904793224,0.9915174921208117,0.0007749099968241481,38.02504315725163,0.0,1.1061844316598908,0.9909547418869633,0.09471928180619751,2.2276796435317476,0.022174833179217916,0.09728034525230676,11.110291868463719,11.491630821852763,2.229802695257619,6.930548062453307,15.671374627863173,6.208762352573797,0.7152128041209305
10.65,639.0,0.0007466800803775676,3.2211671754400275e-05,0.0006835463638571169,0.0008098137968980182,2.7246665288983907e-05,0.00010563639574422259,1.974693463037146e-06,4.2235908666158835e-05,0.0006638976993918963,0.0008294624613632388,0.00011376695516135658,0.0005236968482613087,0.0009696633124938264,38.32377331779536,0.5885591305730395,0.4260096633283217,5.5673361693677625,0.03241166664928637,0.727280275798118,36.898303977231045,39.74924265835967,5.614638779326369,27.319081310315674,49.32846532527504,37.17021861909999,39.47732801649072,0.0,,0.0,0.0,0.0,,,0.0,0.0,0.0,0.0,0.0,0.0,0.0,1.494,,0.8140254882276869,0.9951951404276288,0.0007930446991894071,0.008650652095049774,0.01175938731587225,0.002966986493270168,0.0043897261786514825,0.01602031323227054,0.0007463542286455827,0.0007463542286455827,38.32777706861545,38.32777706861545,0.0,0.8140278169383809,0.9951951129367356,0.0007749099968241481,38.04459061606938,0.0,0.8306340348570179,0.994997073334994,0.2059287864025082,2.237773228427579,0.021436288988814785,0.2070414923507407,10.987961524263845,11.79956417427875,2.247330683593763,6.988994709427522,15.798530989115072,6.208762352573797,0.7152128041209305
10.983333333333333,659.0,0.0007054052273377349,3.507164269392232e-05,0.0006366660707789898,0.00077414438389648,2.5660627928174716e-05,0.00010821638999413445,1.9011297674127574e-06,4.3498301591107186e-05,0.0006201485562191647,0.000790661898456305,0.00011663142503062166,0.00047680763427771644,0.0009340028203977534,38.81210024872933,0.6862383097638326,0.42317401689066564,5.516949788508964,0.03257233768614285,0.8068830296525287,37.23060951061037,40.39359098684829,5.575643029505238,27.883839910899063,49.740360586559596,37.46709787678058,40.15710262067808,0.0,,0.0,0.0,0.0,,,0.0,0.0,0.0,0.0,0.0,0.0,0.0,1.494,,0.9446553651954038,0.9936053578266212,0.0008324381846789358,0.007922872184073707,0.011186029868015134,0.0029401436249640177,0.003791769521114946,0.015317132530973894,0.0007057291351530066,0.0007057291351530066,38.80770807634225,38.80770807634225,0.0,0.9446576352295386,0.9936053270935645,0.0007749099968241481,38.06675018234031,0.0,1.0329048642696783,0.9923547779821198,0.1575855535576715,2.218323721845896,0.022211645615903216,0.15914321817483845,11.19040009626316,11.814241511508525,2.224024887179834,7.143232025013368,15.861409582758316,6.208762352573797,0.7152128041209305
11.316666666666666,679.0,0.0007455949883175002,3.8990086692843155e-05,0.0006691758226454333,0.0008220141539895672,1.918707212044268e-05,0.0001020634084361249,2.04092677888356e-06,4.3503286990608626e-05,0.0006603285458159073,0.0008308614308190932,0.00011094807488454458,0.0005281367615437929,0.0009630532150912076,38.395256430841506,0.7164117276592982,0.4437379642842071,5.413313487626695,0.032195745594252444,0.8433182735534921,36.74235261467666,40.04816024700635,5.478608274537461,27.657184212748085,49.13332864893493,36.991115246527166,39.79939761515585,0.0,,0.0,0.0,0.0,,,0.0,0.0,0.0,0.0,0.0,0.0,0.0,1.494,,1.0016104325639494,0.9926306753088088,0.0008301541537328217,0.00837154393965722,0.011625748222289881,0.0028863842323924582,0.004341332985484333,0.01565595917646277,0.000745287194138607,0.000745287194138607,38.39913611147167,38.39913611147167,0.0,1.0016121323420168,0.992630650296635,0.0007749099968241481,38.090889993203994,0.0,1.0162548434428318,0.9924136081681979,0.1540423734553491,2.197801472322645,0.02234427115850528,0.15565448683980188,11.512296531606234,12.122462120018257,2.203306522256254,7.4988985421899885,16.135860109434503,6.208762352573797,0.7152128041209305
11.65,699.0,0.0007218674000265076,3.7345736763619415e-05,0.0006486711009937001,0.0007950636990593151,3.56861982351064e-05,9.863632231073082e-05,1.9565600863411576e-06,5.169174911206168e-05,0.0006205515717668667,0.0008231832282861486,0.00011136050020204968,0.0005036008196304903,0.000940133980422525,38.59738941524118,0.7123960378864773,0.4873211510743227,5.4615932731746275,0.03238137178394885,0.8637352443424805,36.90446833632992,40.29031049415244,5.529470106068547,27.75962800734683,49.43515082313553,37.20111883825466,39.993659992227705,0.0,,0.0,0.0,0.0,,,0.0,0.0,0.0,0.0,0.0,0.0,0.0,1.494,,0.9953936137752291,0.9928108164907035,0.0009799687318534573,0.007797934876621225,0.011639412305486778,0.002868670082108355,0.004096080230121626,0.015341266951986378,0.0007220981796747631,0.0007220981796747631,38.59456756757967,38.59456756757967,0.0,0.9953946675373349,0.9928108012692011,0.0007749099968241481,38.116378185800016,0.0,1.0458515415450056,0.9920634829965183,0.16515990942253722,2.2094849316992917,0.022327476097885848,0.1666622688833989,11.52533379052235,12.178649884545273,2.215761714462001,7.509098877188289,16.194884797879332,6.208762352573797,0.7152128041209305
11.983333333333333,719.0,0.0007484100321336601,3.588758302270326e-05,0.0006780716619169706,0.0008187484023503497,2.853139795922678e-05,9.820115779195258e-05,1.9958247662822202e-06,4.589055023876805e-05,0.0006584645536656747,0.0008383555106016455,0.00010839469540940121,0.0005359564291312338,0.0009608636351360865,38.54698836279061,0.6609736124172927,0.590985304162491,5.306528481002821,0.032445021077746126,0.8872442873531127,36.80798955957851,40.285987166002705,5.380190233173437,28.001815505770672,49.09216121981054,37.25150388772138,39.84247283785984,0.0,,0.0,0.0,0.0,,,0.0,0.0,0.0,0.0,0.0,0.0,0.0,1.6600000000000001,,0.9344982227567392,0.9937014241146196,0.0008780676212072803,0.008438810495405222,0.011880835570537762,0.0028286037999189183,0.0046157595851304125,0.01570388648081257,0.0007482098555845524,0.0007482098555845524,38.54926572689107,38.54926572689107,0.0,0.934499013302672,0.993701413457958,0.0007749099968241481,38.14258289726798,0.0,0.9494365558030521,0.9934984440400105,0.1695154073393215,2.2270931949602097,0.022439074385891527,0.17099410921055633,11.763283218940208,12.43358012704559,2.2336479320660154,7.720481726143508,16.47638161984229,6.208762352573797,0.7152128041209305
12.316666666666666,739.0,0.0007208954646803721,3.1267269670586816e-05,0.0006596127422311204,0.0007821781871296239,1.9732565044403323e-05,0.00010215523476421551,1.890467463443433e-06,3.702148218420144e-05,0.0006483333595993374,0.0007934575697614069,0.0001086567169246666,0.0005079282995080256,0.0009338626298527186,38.67328220136454,0.5996057223444579,0.6486238265368659,5.154088100030738,0.03263983711157228,0.8839147298162958,36.9408093309246,40.405755071804485,5.229333551463769,28.423788440495557,48.92277596223353,37.49807658064528,39.848487822083804,0.0,,0.0,0.0,0.0,,,0.0,0.0,0.0,0.0,0.0,0.0,0.0,1.6600000000000001,,0.8461751378296597,0.9948835273972818,0.0007373933365960894,0.00824605954226108,0.01113664142171775,0.0027522385400807555,0.004296962943431134,0.015085738020547697,0.000721090768762913,0.000721090768762913,38.670974109804085,38.670974109804085,0.0,0.846176070341222,0.9948835161202488,0.0007749099968241481,38.168872264747456,0.0,0.9102057469248949,0.9940798967950748,0.15971338102194835,2.2029918617732074,0.022427942973190732,0.16128042876763055,11.749612567349692,12.381831848118802,2.2088876204421206,7.73630247166769,16.3951419438008,6.208762352573797,0.7152128041209305
12.65,759.0,0.0007276339106460763,3.484939791913215e-05,0.0006593303458416722,0.0007959374754504805,2.8709103124935748e-05,9.627644380111985e-05,1.9191008628054838e-06,4.5192655218362955e-05,0.000639056306418085,0.0008162115148740677,0.00010635567552639594,0.0005191767866143403,0.0009360910346778124,38.839040681664194,0.665769119128569,0.593036907394145,5.219537584367676,0.03267995989144793,0.8921935178510036,37.09034138667623,40.58773997665216,5.295241436225746,28.460367466661733,49.21771389666665,37.534157186153244,40.143924177175144,0.0,,0.0,0.0,0.0,,,0.0,0.0,0.0,0.0,0.0,0.0,0.0,1.6600000000000001,,0.9457922195569493,0.99362881382529,0.0008708538116156914,0.00817558472323376,0.01158933166476727,0.0027487524309429312,0.00449490342935237,0.01527001295864866,0.0007272974820159537,0.0007272974820159537,38.84329178611766,38.84329178611766,0.0,0.9457946486603144,0.9936287810986734,0.0007749099968241481,38.194614425378035,0.0,0.9913127580751987,0.9930007708386374,0.10377584643410886,2.22727752642799,0.022520176699147555,0.10619126452621504,12.126373599112329,12.542643356055093,2.2298075621884643,7.964085655694321,16.704931299473103,6.208762352573797,0.7152128041209305
12.983333333333333,779.0,0.0006598086870399775,2.7218568854388093e-05,0.0006064612723746532,0.0007131561017053019,3.6689423948295713e-05,9.902349184825715e-05,1.6687534829647892e-06,4.571377317970753e-05,0.0005702096916077508,0.0007494076824722043,0.00010906603960971351,0.00044603924940493905,0.000873578124675016,39.556212230422126,0.5825581827120011,0.5582862011732234,5.245750709289535,0.033410458482059945,0.8075727691057442,37.97336960297487,41.13905485786938,5.307548801604445,29.153416579277415,49.95900788156683,38.4144191734075,40.69800528743675,0.0,,0.0,0.0,0.0,,,0.0,0.0,0.0,0.0,0.0,0.0,0.0,1.6600000000000001,,0.8167323741666153,0.9954371363421649,0.0008743703638744696,0.007217838100296954,0.010645369926684875,0.0027017754409232406,0.0036361241492813626,0.014227083877700466,0.0006602162509922636,0.0006602162509922636,39.54983386287572,39.54983386287572,0.0,0.8167377733192566,0.9954370760147442,0.0007749099968241481,38.2191775162993,0.0,1.1141701797723222,0.9915085665250722,0.2167042625068092,2.2110933731814355,0.022461816042615216,0.21786525782820984,11.737901287526977,12.591933098213559,2.2218008856545652,7.81018745698732,16.519646928753218,6.208762352573797,0.7152128041209305
13.316666666666666,799.0,0.0007189285431636921,3.66925315637226e-05,0.0006470125027971967,0.0007908445835301875,3.397898749417179e-05,9.050481597862511e-05,1.9150543085446235e-06,5.0045788001474584e-05,0.0006208387986808019,0.0008170182876465822,0.00010342003003293574,0.000516225284299138,0.0009216318020282461,38.572895248633706,0.7055016085793367,0.5215297850065749,5.140313949600263,0.032444282974373836,0.8779398999104421,36.85213304480924,40.29365745245817,5.214748888327205,28.351987427512384,48.79380306975503,37.19013750478313,39.95565299248428,0.0,,0.0,0.0,0.0,,,0.0,0.0,0.0,0.0,0.0,0.0,0.0,1.6600000000000001,,1.009535828677482,0.9925695847649825,0.0009397171458813562,0.0077071930444842585,0.011390884256339174,0.0026515774136614432,0.004351946919635288,0.014746130381188147,0.0007186138898489888,0.0007186138898489888,38.57749325290877,38.57749325290877,0.0,1.009537937754683,0.9925695537183662,0.0007749099968241481,38.24192967465082,0.0,1.0751122760221095,0.9915729173709373,0.18795697715346205,2.18122730521185,0.022579043850997283,0.18930831593433053,12.13269996845481,12.874788566917386,2.1894269102858037,8.212467523525923,16.795021011846273,6.208762352573797,0.7152128041209305
13.65,819.0,0.000710438144879141,2.5519364632248004e-05,0.0006604211092915897,0.0007604551804666923,2.524773870714378e-05,8.965048700104592e-05,1.7933010766022842e-06,3.594304118753976e-05,0.0006399897841515631,0.0007808865056067189,9.658732851328835e-05,0.0005211269809930958,0.0008997493087651862,38.89558461716137,0.5008863897693577,0.5366228746475629,5.134305666759079,0.0330049444773206,0.7348065129074088,37.45536385186285,40.33580538245989,5.186620796927952,28.729807855182585,49.06136137914015,37.91386533286713,39.877303901455605,0.0,,0.0,0.0,0.0,,,0.0,0.0,0.0,0.0,0.0,0.0,0.0,1.6600000000000001,,0.7184458158163125,0.9963684255637592,0.0007047302965378682,0.008257057130811457,0.0110195998932399,0.0025554778857643343,0.004629591855927584,0.014647065168123773,0.0007104645839024128,0.0007104645839024128,38.89526223113382,38.89526223113382,0.0,0.7184458404059749,0.9963684253151692,0.0007749099968241481,38.26223903757221,0.0,0.8301977819078777,0.9951508005404223,0.13428230503427754,2.2243816420246865,0.0224535847228685,0.13614661550044418,12.279299189583815,12.812993922345557,2.2285442760440426,8.178199774918362,16.91409333701101,6.208762352573797,0.7152128041209305
13.983333333333333,839.0,0.0006971078918546088,3.098944863726064e-05,0.0006363696886248241,0.0007578460950843935,1.7743605813928234e-05,8.384926895495216e-05,1.7904688389716877e-06,3.575454170849924e-05,0.0006270289901059503,0.0007671867936032673,9.115419440192928e-05,0.0005184456708268274,0.0008757701128823902,39.33269077356698,0.626946958827944,0.6420576114000635,5.293218205735032,0.033128279569349876,0.8979966305324244,37.57261737772343,41.09276416941053,5.368850614607598,28.80974356893609,49.855637978197876,38.103897314047295,40.56148423308667,0.0,,0.0,0.0,0.0,,,0.0,0.0,0.0,0.0,0.0,0.0,0.0,1.6600000000000001,,0.900123422220429,0.9943808600138502,0.000718665965529771,0.008239193320541821,0.011056363905418524,0.0025111117713189084,0.004725999541195113,0.014569557684765233,0.000697267727239116,0.000697267727239116,39.32995722780738,39.32995722780738,0.0,0.9001241701373216,0.9943808506759052,0.0007749099968241481,38.279473742203024,0.0,1.0343757398018338,0.9925796843779573,0.18513988461202055,2.269016544720455,0.02267298374485138,0.1865230309266032,12.404456578738824,13.135626859971108,2.2766701388829254,8.307768247144432,17.232315191565498,6.208762352573797,0.7152128041209305
14.316666666666666,859.0,0.0007124288734250402,3.0670538020479896e-05,0.0006523157235184332,0.0007725420233316471,2.44845142644331e-05,8.71162496249606e-05,1.814682783540912e-06,3.9286975129625474e-05,0.0006354264021709743,0.0007894313446791061,9.556519954227196e-05,0.0005251210823221872,0.0008997366645278932,38.79736718478927,0.5996628626913106,0.6017885396517804,5.015135356017208,0.032869192696755076,0.8501913779708051,37.1309920839665,40.46374228561205,5.086689298389449,28.827456159945953,48.76727820963259,37.622049571048116,39.97268479853043,0.0,,0.0,0.0,0.0,,,0.0,0.0,0.0,0.0,0.0,0.0,0.0,1.6600000000000001,,0.8682023179908877,0.9946010310303736,0.0007513719832381466,0.00807127158750225,0.011016649761795783,0.002498093210798065,0.0046476979814848085,0.014440223367813223,0.0007121461297683309,0.0007121461297683309,38.80188774164786,38.80188774164786,0.0,0.8682045597299163,0.9946010031495564,0.0007749099968241481,38.29300192568287,0.0,0.9608859009417531,0.9933867857721279,0.18177273133119104,2.2058713006821478,0.022701203021739575,0.18318479869856996,12.490106612371116,13.208191023269512,2.213464448697423,8.510758498373367,17.18753913726726,6.208762352573797,0.7152128041209305
14.65,879.0,0.0006585741220507984,2.840508590746283e-05,0.000602901176694405,0.0007142470674071918,1.816439640421853e-05,9.534969298896404e-05,1.6308973510079006e-06,3.3755799921042536e-05,0.0005924127542055551,0.0007247354898960417,0.00010114849470654099,0.00046032307242597803,0.0008568251716756187,40.10616316342783,0.6200546552793618,0.47005936513867,4.941216255644228,0.03383177788679664,0.7788248657324439,38.57966642659224,41.63265990026342,5.002218133640908,30.30181562149165,49.91051070536401,38.890878370633885,41.321447956221775,0.0,,0.0,0.0,0.0,,,0.0,0.0,0.0,0.0,0.0,0.0,0.0,1.6600000000000001,,0.8885359082395617,0.9947424924967355,0.00066288070861315,0.007705919837741604,0.01030441221550515,0.002516995026466581,0.004071855774748879,0.013938476278497876,0.0006588168924395588,0.0006588168924395588,40.10170217644844,40.10170217644844,0.0,0.8885379491945218,0.9947424683438606,0.0007749099968241481,38.30385178661566,0.0,1.2062501936527197,0.9903104250543852,0.21270084716294718,2.2447284637210236,0.02273959690588584,0.21391292539553936,12.536896250787848,13.375434918338364,2.2548979168668866,8.536565667504007,17.375765501622205,6.208762352573797,0.7152128041209305
14.983333333333333,899.0,0.0006707875760417192,3.0033444315387107e-05,0.0006119231068518712,0.0007296520452315671,2.3890936217346107e-05,7.996389488530393e-05,1.7101899862685902e-06,3.841496271735652e-05,0.0005954942491157004,0.0007460809029677379,8.871264760902938e-05,0.0004969107867280216,0.0008446643653554167,39.47291116637799,0.6342614412727956,0.5455854891448728,5.197521354033417,0.03324915225561706,0.8372912324732723,37.831820350730375,41.114001982025606,5.264530827491655,29.15443074449435,49.79139158826163,38.229781584700845,40.716040748055136,0.0,,0.0,0.0,0.0,,,0.0,0.0,0.0,0.0,0.0,0.0,0.0,1.6600000000000001,,0.9157950375571374,0.9941992813027337,0.0007563541103338981,0.0076972579683922205,0.0106621660809011,0.0024043867574104543,0.004467113980122171,0.013892310069171151,0.000670611040300114,0.000670611040300114,39.47608431988463,39.47608431988463,0.0,0.9157960024211256,0.9941992690796766,0.0007749099968241481,38.31358170644908,0.0,1.14961210944658,0.9908591224140169,0.13555192035204813,2.2423442485296468,0.02275443617728183,0.13744849026771444,12.728008815714066,13.266806897563505,2.246552874158732,8.59416422328767,17.4006514899899,6.208762352573797,0.7152128041209305
15.316666666666666,919.0,0.000664446473227259,3.210020899020915e-05,0.0006015312197102402,0.0007273617267442778,2.233086970773881e-05,8.687476378040197e-05,1.6707473357061837e-06,3.9139271272966756e-05,0.0005877335015322441,0.0007411594449222739,9.528434886002801e-05,0.0004776891494616041,0.0008512037969929139,39.86008388099121,0.6913291590155067,0.5420863638448085,4.9876782060272955,0.033564008547319904,0.8791587880703567,38.13693265637331,41.58323510560911,5.064568497070703,29.933529626732636,49.78663813524979,38.50510362785845,41.21506413412397,0.0,,0.0,0.0,0.0,,,0.0,0.0,0.0,0.0,0.0,0.0,0.0,1.6600000000000001,,1.0005089672019167,0.9932046278589977,0.000757898395450809,0.007648723546316607,0.010619685256483779,0.002439868617718216,0.00435206191067249,0.013916346892127895,0.000664608773334496,0.000664608773334496,39.8574779805167,39.8574779805167,0.0,1.0005097165129897,0.9932046176804792,0.0007749099968241481,38.32235509658839,0.0,1.2540574441812928,0.9893240597230641,0.20765630399069965,2.253691981280326,0.022827931144878435,0.20890728811468778,12.79025043083634,13.609167000245916,2.2633536624917183,8.763535537057361,17.635881894024894,6.208762352573797,0.7152128041209305
15.65,939.0,0.000701340867412127,3.156932554240632e-05,0.0006394661263327901,0.0007632156084914638,2.467010209930487e-05,8.457409889248603e-05,1.7392617043415972e-06,4.010313309541717e-05,0.0006227387265451093,0.0007799430082791447,9.360042461198961e-05,0.0005178840351726273,0.0008847976996516267,39.56666410946845,0.6405588339053441,0.6030477928459218,4.85155931647059,0.03346456392223888,0.8803988511970114,37.841082361122304,41.29224585781459,4.930794047455399,29.902307776455864,49.23102044248103,38.311191865035,40.8221363539019,0.0,,0.0,0.0,0.0,,,0.0,0.0,0.0,0.0,0.0,0.0,0.0,1.826,,0.9401139383705076,0.9938806477195272,0.0007839237389252653,0.007964325984058575,0.011037307040645615,0.002425640009945,0.004746562092859895,0.014255070931844294,0.0007011726904290554,0.0007011726904290554,39.56904644851736,39.56904644851736,0.0,0.9401146866991028,0.9938806379775418,0.0007749099968241481,38.33033536843883,0.0,1.0759422982208422,0.9919846510463507,0.14670028935443288,2.220363174657499,0.02286109858208868,0.14847088847667853,13.2235544952232,13.805560378051778,2.225321601948847,9.152927096817749,17.87618777645723,6.208762352573797,0.7152128041209305
15.983333333333333,959.0,0.000679789928506274,2.242937431619451e-05,0.0006358291626507651,0.0007237506943617829,2.0323796645844525e-05,9.059000142971287e-05,1.5911700602830553e-06,3.03094929762665e-05,0.0006203833222727916,0.0007391965347397564,9.552598454616277e-05,0.000492558998795795,0.000867020858216753,39.62414077492167,0.470111656643112,0.47033265139315256,4.658979718653305,0.03390789810394701,0.66585848213571,38.31905814993568,40.92922339990766,4.7063212318173635,30.39975116055964,48.8485303892837,38.70273885918871,40.54554269065463,0.0,,0.0,0.0,0.0,,,0.0,0.0,0.0,0.0,0.0,0.0,0.0,1.826,,0.6886622045674629,0.9967856613822443,0.000595215467879572,0.00805570070892023,0.010388945343008153,0.002368123774017945,0.00458080042888902,0.013863845623039363,0.0006798834396425604,0.0006798834396425604,39.622670440454655,39.622670440454655,0.0,0.6886625729107695,0.9967856579437503,0.0007749099968241481,38.337685933405666,0.0,0.9561065179071598,0.9938042813694468,0.15596949471162083,2.2268103188056894,0.022419241909768788,0.15757254103557208,13.057255321072363,13.674939681931805,2.2323783957089134,8.990635845912614,17.741559157091555,6.208762352573797,0.7152128041209305
16.316666666666666,979.0,0.0006699658077552719,2.0889525603511756e-05,0.0006290230899182615,0.0007109085255922823,1.3839804058288835e-05,8.365092387389259e-05,1.6087308907980782e-06,2.510976844557929e-05,0.0006207506616019364,0.0007191809539086073,8.733829364228719e-05,0.0004987827522163889,0.0008411488632941548,39.385384480421344,0.44163853257898233,0.5263689239425916,4.772515273322337,0.033599303942159625,0.6879227796609124,38.03705583228596,40.73371312855673,4.8218398754906175,29.934578324459736,48.83619063638295,38.51978886238142,40.25098009846127,0.0,,0.0,0.0,0.0,,,0.0,0.0,0.0,0.0,0.0,0.0,0.0,1.826,,0.6476825280628461,0.9971165773795938,0.0005071453423970801,0.008062748528558625,0.010050758270755179,0.002260480055874573,0.004626212490142739,0.013487294309171064,0.0006698843067739887,0.0006698843067739887,39.38670305618654,39.38670305618654,0.0,0.6476828212100265,0.997116574769465,0.0007749099968241481,38.34457020289415,0.0,0.9782002053290657,0.9934228243972054,0.12889188810920785,2.2233916323729987,0.022818756013773617,0.13089619721891346,13.069440753724496,13.582553846822638,2.2272413801275874,8.960604195223496,17.691390405323638,6.208762352573797,0.7152128041209305
16.65,999.0,0.0006430248955245739,2.5910051409544283e-05,0.0005922421279242858,0.000693807663124862,2.2739965074204975e-05,8.21472131174007e-05,1.5778948308035118e-06,3.4509803356703824e-05,0.0005753856809454345,0.0007106641101037134,8.9101577711475e-05,0.00046838580321008295,0.0008176639878390649,39.67413213547489,0.574648083851768,0.41783822495883666,4.829770261268669,0.03361297061696276,0.7112939155545737,38.279996060987926,41.06826820996186,4.88186642698673,30.1056739385809,49.242590332368884,38.547842587340476,40.80042168360931,0.0,,0.0,0.0,0.0,,,0.0,0.0,0.0,0.0,0.0,0.0,0.0,1.826,,0.839499146438408,0.9951883900579415,0.000673502879210401,0.00746215523116097,0.010102286517665742,0.002268525912880931,0.004335910085166731,0.013228531663659981,0.000643105246059993,0.000643105246059993,39.672986799925155,39.672986799925155,0.0,0.8394993810791497,0.9951883873682427,0.0007749099968241481,38.35115158830952,0.0,1.255285189012434,0.989241921595393,0.10945277984693345,2.239601220200306,0.022890054708161838,0.11182068512025815,13.149775893430025,13.588112979101435,2.242391021018293,8.973858035069876,17.764030837461583,6.208762352573797,0.7152128041209305
16.983333333333334,1019.0,0.0006497950099757735,1.5835468964412334e-05,0.0006187580611272235,0.0006808319588243234,2.3400779751403514e-05,8.534138825519126e-05,1.5064997526962819e-06,2.8295372621710373e-05,0.0005943360796372211,0.0007052539403143258,8.99098474090838e-05,0.0004735717090539692,0.0008260183108975777,39.91567920125107,0.34989699592107887,0.45563298521388657,4.665210517660553,0.03414910611460379,0.5754958613386718,38.787707313027276,41.04365108947487,4.700572801319918,30.70255651066403,49.128801891838116,39.229893690947,40.601464711555145,0.0,,0.0,0.0,0.0,,,0.0,0.0,0.0,0.0,0.0,0.0,0.0,1.826,,0.5140420168849755,0.9982444404618243,0.0005274788450121216,0.007825517391140298,0.009893234463587815,0.00224013134285039,0.004468718495377292,0.013250033359350821,0.0006497399970166541,0.0006497399970166541,39.916499280727805,39.916499280727805,0.0,0.5140421993767895,0.9982444392153297,0.0007749099968241481,38.35759350105703,0.0,1.0383176639549287,0.9928372662245617,0.22209532036688823,2.2374232577338553,0.02294186155014837,0.22327709318301528,13.071225316337344,13.946471521614765,2.2485363004827463,9.101717270029871,17.915979567922236,6.208762352573797,0.7152128041209305
17.316666666666666,1039.0,0.0006478996480900179,1.731566818912463e-05,0.0006139615620710877,0.0006818377341089481,2.0292061657506237e-05,8.443908975347438e-05,1.4927753979344255e-06,2.671756930442168e-05,0.0005955332122533514,0.0007002660839266845,8.85651646412509e-05,0.00047431192539316617,0.0008214873707868696,40.09385415391766,0.3855611673016903,0.5227292238727111,4.648402899651806,0.03427947207522474,0.6504447228069155,38.818982497216105,41.36872581061922,4.693690217187185,30.894221328230778,49.293486979604545,39.338168152169125,40.8495401556662,0.0,,0.0,0.0,0.0,,,0.0,0.0,0.0,0.0,0.0,0.0,0.0,1.826,,0.5681743145907998,0.9978663463509156,0.0005293267680818231,0.00784974598574427,0.009924706916625014,0.002225609719756608,0.00452503140046169,0.013249421501907593,0.0006479514033101505,0.0006479514033101505,40.09272525619686,40.09272525619686,0.0,0.5681745034848421,0.9978663449322154,0.0007749099968241481,38.364059352541936,0.0,1.0840478545402126,0.9922329225120771,0.1562424469924267,2.251832995110304,0.022812831462107296,0.1578991055120319,13.369834748240967,13.988799241848133,2.257362169743469,9.25488714234735,18.10374684774175,6.208762352573797,0.7152128041209305
17.65,1059.0,0.000659405636155175,2.2080675493113727e-05,0.0006161283074343559,0.0007026829648759941,1.91759408152176e-05,7.684816493380703e-05,1.5595488719399224e-06,2.928660323535132e-05,0.0006020038938138864,0.0007168073784964636,8.223956215081948e-05,0.0004982160943395688,0.0008205951779707813,39.56521229694363,0.4770135230644198,0.47631712679139004,4.733936867592737,0.03378732471115777,0.6749529537473498,38.242304507598824,40.88812008628843,4.781811346772895,30.192862057268755,48.9375625366185,38.630282971598795,40.50014162228846,0.0,,0.0,0.0,0.0,,,0.0,0.0,0.0,0.0,0.0,0.0,0.0,1.826,,0.7077332337637994,0.996562598129339,0.0005565170689302284,0.00784208299353178,0.010023629903738276,0.002150427147456934,0.004718019239619437,0.01314769365765062,0.0006593843213899943,0.0006593843213899943,39.565764962602294,39.565764962602294,0.0,0.7077332628636459,0.9965625978466679,0.0007749099968241481,38.370712554169494,0.0,1.0870233267650429,0.9918909709310072,0.2048784420240724,2.2298885923706093,0.023034767720952073,0.20616929094840825,13.352743862055641,14.1609274825734,2.239399229908492,9.367613181693876,18.146058162935166,6.208762352573797,0.7152128041209305
17.983333333333334,1079.0,0.0006639198084467943,2.1871359607463413e-05,0.000621052731323242,0.0007067868855703467,2.443553873006199e-05,7.824735003869886e-05,1.56824117842095e-06,3.283155958069974e-05,0.0005995699516686228,0.0007282696652249659,8.485610816305272e-05,0.000497601836447211,0.0008302377804463776,39.46224059605893,0.4682237848907633,0.4900625183556293,4.602239693297418,0.03372914141672817,0.6786254044870431,38.13213480326433,40.79234638885354,4.652004152424793,30.34431245730634,48.58016873481152,38.54453884096801,40.37994235114986,0.0,,0.0,0.0,0.0,,,0.0,0.0,0.0,0.0,0.0,0.0,0.0,1.826,,0.6979817604701003,0.9966326487676782,0.0006233307778488017,0.007743130369100603,0.010186587018267907,0.002156480352914701,0.004738157201971441,0.013191560185397069,0.0006638770230118268,0.0006638770230118268,39.46302972076832,39.46302972076832,0.0,0.6979818433527913,0.9966326479679578,0.0007749099968241481,38.37771651734494,0.0,1.0581538572564417,0.9922607672295017,0.15057497068241907,2.217580879288094,0.02307531775214255,0.15233283324803523,13.565457815766012,14.16260252209831,2.222806840071699,9.50732876239163,18.22073157547269,6.208762352573797,0.7152128041209305
18.316666666666666,1099.0,0.000650187439123097,1.5094804132162757e-05,0.0006206021666703717,0.0006797727115758224,2.5026533779977827e-05,8.006632910422375e-05,1.4852540846411384e-06,2.9264081815848455e-05,0.000592829838764034,0.00070754503948216,8.524672158359252e-05,0.0004831038648192557,0.0008172710134269384,39.96484512167879,0.3341678400567155,0.4225994926194404,4.574841651182003,0.03425453422886526,0.5398442827386575,38.90675032751102,41.022939915846564,4.606583113653252,30.93594221891842,48.993748024439164,39.309888190376086,40.6198020529815,0.0,,0.0,0.0,0.0,,,0.0,0.0,0.0,0.0,0.0,0.0,0.0,1.826,,0.49791099612799034,0.9983464030036373,0.0005419125475371032,0.007877079937714908,0.010001377124060351,0.0021395458535424135,0.004745718657944499,0.01313273840383076,0.0006502561441352996,0.0006502561441352996,39.96351765887124,39.96351765887124,0.0,0.49791134365657885,0.9983464006953033,0.0007749099968241481,38.38523465347355,0.0,1.0399590599884647,0.9927862892353875,0.21425371062887838,2.2577678435383173,0.023113101356715376,0.21549679341597858,13.540851458496146,14.385598888686783,2.2680287703837076,9.517888783639396,18.408561563543532,6.208762352573797,0.7152128041209305
18.65,1119.0,0.0006451768270566208,2.4636927733207964e-05,0.0005968893360098172,0.0006934643181034244,2.3575437002999048e-05,7.552037247866305e-05,1.5171615254917657e-06,3.413328605786617e-05,0.0005782755863832031,0.0007120780677300385,8.287585822435945e-05,0.00048274014493687625,0.0008076135091763653,39.86839698929594,0.5483888036957827,0.6914321933902876,4.627407475619559,0.033979004361052036,0.8831553265495058,38.137412549258904,41.59938142933297,4.710930192247869,30.634973812490117,49.10182016610176,38.7935746845272,40.943219294064676,0.0,,0.0,0.0,0.0,,,0.0,0.0,0.0,0.0,0.0,0.0,0.0,1.826,,0.8186579785806142,0.9954309104249086,0.0006692790082850216,0.007438417349477419,0.010061991061954705,0.002123530142774591,0.004588085125877863,0.01291232328555426,0.0006450162154813857,0.0006450162154813857,39.87109660419578,39.87109660419578,0.0,0.8186590048491957,0.9954308989692918,0.0007749099968241481,38.393430373960555,0.0,1.2450452827173448,0.9894319473309455,0.19935989065855877,2.2265318292806766,0.023024456317824144,0.20068505572693723,13.695658226487458,14.482343644937052,2.235557755548284,9.707307734837618,18.470694136586893,6.208762352573797,0.7152128041209305
18.983333333333334,1139.0,0.0006093568938445107,2.420230634350171e-05,0.000561921245068442,0.0006567925426205793,2.246377390657385e-05,7.567695876750546e-05,1.4330022214904585e-06,3.305187234994665e-05,0.0005445752240386153,0.0006741385636504061,8.25798301895559e-05,0.0004475004266729811,0.0007712133610160403,40.544466803996215,0.5797388306536737,0.46042404249699104,4.710283585060633,0.034380847178967715,0.7411271505819387,39.09185758885562,41.99707601913681,4.768232471788823,31.19873115929012,49.89020244870231,39.40819957547565,41.68073403251678,0.0,,0.0,0.0,0.0,,,0.0,0.0,0.0,0.0,0.0,0.0,0.0,1.826,,0.8591719005190877,0.9951524134153908,0.0006453678498881762,0.007151115410110061,0.009680957381671712,0.0021039245636410814,0.004292344251154366,0.012539728540627406,0.0006096365008785806,0.0006096365008785806,40.539575024847395,40.539575024847395,0.0,0.8591752851257483,0.9951523752223211,0.0007749099968241481,38.40246709021122,0.0,1.5054348766340275,0.9851170373598113,0.13034564179507568,2.2670399803618833,0.0231649153185712,0.13238806455525648,13.839026496947405,14.35798771000401,2.2709022154632494,9.647538761167738,18.549475445783678,6.208762352573797,0.7152128041209305
19.316666666666666,1159.0,0.0006706956231295023,2.5386267342192225e-05,0.0006209394534369003,0.0007204517928221044,2.276745422863576e-05,6.808572495450173e-05,1.5670753594082964e-06,3.413612846830092e-05,0.0006037888113316326,0.0007376024349273721,7.61639101503094e-05,0.0005214143592348959,0.0008199768870241087,39.81557387402412,0.5431292430251989,0.3718534584232368,4.669092545463668,0.03397031626020681,0.6591042038686038,38.52372963444165,41.107418113606585,4.715383711816215,30.573421798864338,49.0577259491839,38.75106011874423,40.88008762930401,0.0,,0.0,0.0,0.0,,,0.0,0.0,0.0,0.0,0.0,0.0,0.0,1.992,,0.8219239944978649,0.9953330844805516,0.0006298754625460285,0.007892543335416856,0.010361655148597288,0.002045133673721699,0.005118637241512542,0.013135561242501603,0.000670392954503343,0.000670392954503343,39.82011384531729,39.82011384531729,0.0,0.8219273609302915,0.995333046251012,0.0007749099968241481,38.41250821363078,0.0,1.1124241277487572,0.991451155431198,0.18059071904847043,2.2334981386025334,0.023326530910335104,0.1820910070562366,14.157231881952088,14.871028629612534,2.2409085367305237,10.121949523790484,18.906310987774138,6.208762352573797,0.7152128041209305
19.65,1179.0,0.0006311233193925204,2.1059656291028727e-05,0.0005898471515353118,0.000672399487249729,1.698438018398233e-05,7.502140118167612e-05,1.461172195674005e-06,2.709452560049222e-05,0.0005780180492155557,0.0006842285895694851,7.97641771271899e-05,0.0004747855322232282,0.0007874611065618126,39.91351434556587,0.47988501412236934,0.4911345884542489,4.4966376980891924,0.03411071506758376,0.6875073466064002,38.565999946217325,41.26102874491442,4.548891836427268,30.99768634616843,48.829342344963315,38.97295700116553,40.85407168996621,0.0,,0.0,0.0,0.0,,,0.0,0.0,0.0,0.0,0.0,0.0,0.0,1.992,,0.7203988983082673,0.9964789355104515,0.0005244198230708035,0.007542809775771849,0.009598535482209397,0.0020168919791889056,0.004617564349780368,0.012523780908200877,0.0006312397744161744,0.0006312397744161744,39.911834216123104,39.911834216123104,0.0,0.7203995483843769,0.9964789291557473,0.0007749099968241481,38.4237171556245,0.0,1.2922901518085366,0.9886695288630225,0.14904522500247555,2.228137231653136,0.023221827398608428,0.15084340344797756,13.950224277496456,14.541530419012528,2.2332373934364145,9.86873205711912,18.623022639389866,6.208762352573797,0.7152128041209305
19.983333333333334,1199.0,0.000628070780739703,2.765337370796502e-05,0.0005738711642210647,0.0006822703972583414,1.6492794205008512e-05,7.462288360214744e-05,1.4787856508542858e-06,3.223209805647634e-05,0.0005648958685490093,0.0006912456929303967,8.128642507960325e-05,0.00046874938758368067,0.0007873921738957253,40.038903392553195,0.6352418719018609,0.5098035477498095,4.448421671093407,0.03405302705272059,0.815224816702194,38.441062751816894,41.636744033289496,4.522504490392529,31.174794591383836,48.90301219372255,38.793852202153744,41.283954582952646,0.0,,0.0,0.0,0.0,,,0.0,0.0,0.0,0.0,0.0,0.0,0.0,1.992,,0.9557256682202957,0.9937537010203781,0.000620068957876371,0.007203241488293091,0.009633911803168466,0.00202483654059261,0.0044498970261692625,0.012387256265292294,0.000628102479141678,0.000628102479141678,40.03836722244095,40.03836722244095,0.0,0.9557257069544084,0.993753700514072,0.0007749099968241481,38.43634709788958,0.0,1.4472407329136965,0.9856768736733302,0.18279832262225731,2.2007531413871675,0.023297594599178448,0.1842769781269992,14.079173454254086,14.801539208511922,2.2084547525347005,10.111785016414991,18.768927646351017,6.208762352573797,0.7152128041209305
20.316666666666666,1219.0,0.0006466645105406628,2.0852866077183484e-05,0.0006057936440549462,0.0006875353770263795,2.0175611605727573e-05,6.725691793902459e-05,1.4754827368549435e-06,2.905295813862808e-05,0.0005897207125889518,0.0007036083084923739,7.326368395911827e-05,0.0005030676899807911,0.0007902613311005346,40.02860789483592,0.46520124950893105,0.39924457844615263,4.600919847544264,0.03425657544135969,0.6139885576493151,38.825190321843266,41.23202546782858,4.641707163582277,30.930861854214662,49.12635393545718,39.116830200235384,40.94038558943646,0.0,,0.0,0.0,0.0,,,0.0,0.0,0.0,0.0,0.0,0.0,0.0,1.992,,0.7058031334066234,0.9966038549590331,0.0005376953456831766,0.007765927654069774,0.009873693409147826,0.0019562994417185037,0.004985463625840533,0.012654157437377066,0.0006466089908955408,0.0006466089908955408,40.029468805586866,40.029468805586866,0.0,0.7058032744559265,0.9966038536016463,0.0007749099968241481,38.450495236992886,0.0,1.1818279077900857,0.9904780137955116,0.14949124176682643,2.2395951603818935,0.023378983209780952,0.15130832171731656,14.350536923848754,14.943665544980636,2.2447005792815466,10.247488099022863,19.046714369806526,6.208762352573797,0.7152128041209305
20.65,1239.0,0.0006369141004262175,2.2936834245111806e-05,0.0005919587313864334,0.0006818694694660017,1.7450960716827903e-05,7.155718454588706e-05,1.442886076543312e-06,2.8856824415688687e-05,0.0005803547245714677,0.0006934734762809674,7.715663921848866e-05,0.0004856870875579797,0.0007881411132944553,40.363600811129636,0.5238731614083221,0.33522415648464465,4.482329521686854,0.034494889066989394,0.6229030596381232,39.14271081423892,41.584490808020355,4.525404530281468,31.49380793177796,49.233393690481314,39.336828282302186,41.39037333995709,0.0,,0.0,0.0,0.0,,,0.0,0.0,0.0,0.0,0.0,0.0,0.0,1.992,,0.7949776326339821,0.995765692986479,0.0005441846961968746,0.0076751300250106885,0.009808334034102436,0.0019784896571800837,0.004863892301483598,0.012619571757629526,0.0006368814974109474,0.0006368814974109474,40.364116205332934,40.364116205332934,0.0,0.79497767640341,0.9957656925202188,0.0007749099968241481,38.4660910066442,0.0,1.3073260566405165,0.9885490805606104,0.1226716763130559,2.2560448962950326,0.023430224514890435,0.12488921326629186,14.531378461033876,15.02094417703774,2.259499035115779,10.34754321020888,19.204779427862736,6.208762352573797,0.7152128041209305
20.983333333333334,1259.0,0.0006135059752284508,1.799975729410992e-05,0.0005782270992015332,0.0006487848512553684,2.1501077938377777e-05,7.424132533171716e-05,1.3379593811659065e-06,2.807272253388881e-05,0.0005584834390620287,0.0006685285113948729,7.937160788011401e-05,0.0004579376237834273,0.0007690743266734743,40.74555495210404,0.43082157880630206,0.4855868771214256,4.419395478421849,0.0349827936819896,0.6500966419321744,39.47136553391697,42.0197443702911,4.46695444778061,31.990324234454043,49.50078566975403,39.901160173881,41.58994973032707,0.0,,0.0,0.0,0.0,,,0.0,0.0,0.0,0.0,0.0,0.0,0.0,1.992,,0.6512058614021593,0.9972420901665319,0.0005266105859011379,0.007413767409634515,0.009478080906366974,0.0019725407089102036,0.0045797443685367464,0.012312103947464743,0.0006136080787213705,0.0006136080787213705,40.74369165818823,40.74369165818823,0.0,0.6512065133779912,0.9972420846441876,0.0007749099968241481,38.48306384055327,0.0,1.4129915954483312,0.9870155780903972,0.22085973523624147,2.263508312933538,0.02319770368733129,0.2220746633566916,14.300477506875625,15.171010187233856,2.27437618674313,10.277966521038206,19.193521173071275,6.208762352573797,0.7152128041209305
21.316666666666666,1279.0,0.0006278402285057262,1.5268475449681287e-05,0.0005979145665255169,0.0006577658904859356,2.1931465450596025e-05,7.104356867495717e-05,1.373293782738659e-06,2.6758203511856246e-05,0.000575394149622488,0.0006802863073889644,7.591567759860457e-05,0.00047904550041246124,0.0007766349565989912,40.404428935896114,0.35411913585124755,0.22320088238491864,4.419127541698786,0.03476625001440229,0.42003296110365496,39.58116433213295,41.22769353965928,4.439044482567645,31.70390175006353,49.1049561217287,39.710368183391225,41.098489688401,0.0,,0.0,0.0,0.0,,,0.0,0.0,0.0,0.0,0.0,0.0,0.0,1.992,,0.5390927659881813,0.9980732824290909,0.0004954406006443412,0.007678737345559818,0.009620864500085636,0.0019258485586922897,0.00487513774778584,0.012424464097859614,0.0006277316328252031,0.0006277316328252031,40.40626829238871,40.40626829238871,0.0,0.5390935918519232,0.9980732765258122,0.0007749099968241481,38.50134317242988,0.0,1.2524070789304667,0.9896012274968217,0.19021618243292468,2.2606506091280023,0.023451849325418307,0.19165642513659126,14.454734231529228,15.206027418064666,2.268760313882219,10.383610609587798,19.277151040006096,6.208762352573797,0.7152128041209305
21.65,1299.0,0.0006090391567867575,1.9492285836574268e-05,0.0005708349785707118,0.0006472433350028033,1.824318034689286e-05,7.056044449315797e-05,1.357796113271884e-06,2.6732123869778622e-05,0.0005566441940019915,0.0006614341195715236,7.545450797441604e-05,0.00046114832115690205,0.000756929992416613,40.59611756047159,0.46825810235833093,0.4039958712417922,4.427443396074822,0.034740420145404516,0.6194232891944886,39.382047913650396,41.810187207292785,4.47056374930982,31.833812611824342,49.35842250911884,39.67834854438019,41.51388657656299,0.0,,0.0,0.0,0.0,,,0.0,0.0,0.0,0.0,0.0,0.0,0.0,1.992,,0.7109123646300102,0.9966669696771404,0.000520823272531735,0.007385616757863322,0.009427243986187724,0.0019121422528916125,0.004658631556357962,0.012154229187693082,0.0006090870237121099,0.0006090870237121099,40.59560775365303,40.59560775365303,0.0,0.7109124991794455,0.9966669684155013,0.0007749099968241481,38.52085843598379,0.0,1.4674310599438143,0.9857988817565051,0.09738410547998665,2.2626891208963764,0.02345913242716808,0.10016983026027634,14.652180362911364,15.044846097531648,2.2649053076712033,10.409298827185948,19.287727633257063,6.208762352573797,0.7152128041209305
21.983333333333334,1319.0,0.0006172171044956886,2.0854859758864773e-05,0.00057634233046568,0.0006580918785256971,2.040937659580858e-05,6.720431964297831e-05,1.3609208801286924e-06,2.92116403892939e-05,0.0005599622893326725,0.0006744719196587046,7.327851330989887e-05,0.0004735912184082868,0.0007608429905830903,41.00423088618758,0.49928700567705464,0.6277375850285155,4.50228162717759,0.035036759634773644,0.8028508978764967,39.43064312634964,42.57781864602551,4.573303993246237,32.04055505942495,49.9679067129502,40.0256463371117,41.982815435263454,0.0,,0.0,0.0,0.0,,,0.0,0.0,0.0,0.0,0.0,0.0,0.0,1.992,,0.7619978215450208,0.9962100476350414,0.0005773131788172638,0.007421484668933397,0.00968455232989707,0.0019165576015955062,0.004796565600288042,0.012309471398542425,0.0006172717059265231,0.0006172717059265231,41.00253007852118,41.00253007852118,0.0,0.7619981037215483,0.9962100448281153,0.0007749099968241481,38.54153906492476,0.0,1.4577126496491788,0.9861302019713497,0.17370173619881257,2.274032365299578,0.02360334652282783,0.17529806366745346,14.862421845321654,15.549590254898073,2.2807789479814904,10.735679312066143,19.676332788153584,6.208762352573797,0.7152128041209305
22.316666666666666,1339.0,0.0006338696462031164,1.8976176356116785e-05,0.000596677023980847,0.0006710622684253858,1.805028301248629e-05,7.05806068997141e-05,1.397423152833028e-06,2.6227100056951983e-05,0.0005824645300914905,0.0006852747623147423,7.529596833648758e-05,0.00048628954826360074,0.0007814497441426321,40.078944966121234,0.43224793632050357,0.47256854134543963,4.23465477085554,0.034503554775887034,0.641365574391753,38.8218684403134,41.33602149192907,4.282948847271521,31.684365225469055,48.47352470677342,39.231754578541285,40.926135353701184,0.0,,0.0,0.0,0.0,,,0.0,0.0,0.0,0.0,0.0,0.0,0.0,1.992,,0.6647047375842092,0.9969795874816827,0.000505473278955908,0.007608755217729355,0.009590210471236515,0.0018735342250471596,0.004927355763390503,0.012271609925575367,0.0006337584227189084,0.0006337584227189084,40.08147346721325,40.08147346721325,0.0,0.6647055727340077,0.9969795798918512,0.0007749099968241481,38.563314492962576,0.0,1.2689054092530423,0.9889930444977014,0.09140120496291257,2.2282502535652444,0.023554478885461996,0.0943874660335684,14.900657170579436,15.270656037431024,2.230248458413953,10.714369625513882,19.456943582496578,6.208762352573797,0.7152128041209305
22.65,1359.0,0.0006154044451019299,1.7298631581847923e-05,0.0005814997502196808,0.0006493091399841789,2.2032155133633697e-05,7.118749044212105e-05,1.318362121533586e-06,2.8042763649834916e-05,0.0005604406283482535,0.0006703682618556063,7.651179901536479e-05,0.0004654413190318149,0.0007653675711720449,40.76099698170622,0.41282765087564016,0.5227014680621875,4.272712256449853,0.035097415028882695,0.6669897469853454,39.45369707761495,42.068296885797494,4.324458966044234,32.28505740825952,49.23693655515292,39.95186965416769,41.570124309244754,0.0,,0.0,0.0,0.0,,,0.0,0.0,0.0,0.0,0.0,0.0,0.0,1.992,,0.6331443858042054,0.9973731607048723,0.0005311301565598376,0.007455909970657751,0.009537940184372314,0.001888161573491667,0.004796128393471366,0.0121977217615587,0.0006154643707962432,0.0006154643707962432,40.759693260545326,40.759693260545326,0.0,0.633144650631782,0.9973731585073968,0.0007749099968241481,38.58611415380698,0.0,1.4074974554693225,0.9870185495328542,0.20100685443507438,2.2650516985370266,0.023607883005941535,0.2023884573534405,14.820524085483752,15.61388683830924,2.2740756989852766,10.760017091885354,19.674393831907636,6.208762352573797,0.7152128041209305
22.983333333333334,1379.0,0.000609466935301584,2.3932063001930584e-05,0.0005625609537420566,0.0006563729168611115,1.9821234972559366e-05,7.178932456099039e-05,1.3442166024286936e-06,3.1103567538789345e-05,0.000548503942925557,0.0006704299276776111,7.823770852065677e-05,0.00045612102660109674,0.0007628128440020713,40.77501654116047,0.576868715367526,0.44414934891936697,4.185966086246196,0.03489136290829152,0.7288782930783956,39.346415086726815,42.20361799559412,4.248949945730612,32.44707464752847,49.10295843479247,39.64437463523223,41.905658447088705,0.0,,0.0,0.0,0.0,,,0.0,0.0,0.0,0.0,0.0,0.0,0.0,1.992,,0.8855207584352196,0.9947897493735691,0.0005901301360239869,0.007110133117679322,0.009423443250893351,0.001887779347846183,0.004566740662507817,0.011966835706064856,0.0006094204873222146,0.0006094204873222146,40.77587163227103,40.77587163227103,0.0,0.8855208541215301,0.9947897482475658,0.0007749099968241481,38.609867481167754,0.0,1.5650333224244974,0.9837254758360809,0.14882462141155645,2.2294725177668533,0.023655658522112117,0.15069292657058553,15.038819098948071,15.629535371104765,2.2345594790911427,10.95444065600778,19.713913814045057,6.208762352573797,0.7152128041209305
23.316666666666666,1399.0,0.000601133184118984,1.7357007044468375e-05,0.000567114075432418,0.0006351522928055499,1.7131241145812112e-05,7.148908444151223e-05,1.2811394474547965e-06,2.442102444660165e-05,0.0005532679762036447,0.0006489983920343232,7.554518931942114e-05,0.0004530646130529185,0.0007492017551850494,40.95600848235178,0.42606108304849355,0.4206830592843535,4.171154846483002,0.035241048335300604,0.5997868074116579,39.78042633982493,42.131590624878626,4.214057067445066,32.696456630159446,49.21556033454411,40.1209441043626,41.791072860340954,0.0,,0.0,0.0,0.0,,,0.0,0.0,0.0,0.0,0.0,0.0,0.0,1.992,,0.6540988696692699,0.9972116563011022,0.0004912471976899677,0.007184145627343688,0.00910983464228836,0.0018439032730350315,0.004532939719667363,0.011761040549964685,0.0006012052244522842,0.0006012052244522842,40.954861264150395,40.954861264150395,0.0,0.6540992097794401,0.9972116534014052,0.0007749099968241481,38.63450390875467,0.0,1.5351487732080698,0.9846410881607268,0.04621647002867195,2.23003842443614,0.023658813629732083,0.05192014603482476,15.240057799633254,15.443584772089766,2.2306427495289105,10.969761496784844,19.713881074938175,6.208762352573797,0.7152128041209305
23.65,1419.0,0.0006296165753931264,2.096104903614851e-05,0.0005885336742040973,0.0006706994765821555,2.1841029419316738e-05,6.992717680407898e-05,1.3324488605899931e-06,3.0301345890197174e-05,0.0005702259374483399,0.0006890072133379129,7.621011493592101e-05,0.00048024475011872127,0.0007789884006675316,40.86167587441387,0.4896743941753001,0.5386805480007395,4.122955083376341,0.03521150869068779,0.7288330367440808,39.43316312239547,42.29018862643227,4.186879054258482,32.65539292806724,49.067958820760495,39.90193169767881,41.82142005114893,0.0,,0.0,0.0,0.0,,,0.0,0.0,0.0,0.0,0.0,0.0,0.0,2.158,,0.7600173266047179,0.9961602776724743,0.0005866048368418993,0.007367089968726866,0.009666580929147111,0.0018632363181316433,0.0048648922653989676,0.01216877863247501,0.0006295736600256134,0.0006295736600256134,40.86202683086782,40.86202683086782,0.0,0.7600174283980146,0.9961602766439239,0.0007749099968241481,38.65995287027747,0.0,1.380988548463625,0.9873225184492143,0.14486283321682028,2.219702190013676,0.023814292673627946,0.1468072238793088,15.430237628689014,16.005721946295903,2.2245516791782247,11.357858496303137,20.07810107868178,6.208762352573797,0.7152128041209305
23.983333333333334,1439.0,0.0006306129716446632,1.7326641371777255e-05,0.000596653378582938,0.0006645725647063883,2.484330751556489e-05,6.593740035181674e-05,1.3391940999452641e-06,3.031824319409742e-05,0.0005711892149842323,0.0006900367283050941,7.257366351185668e-05,0.0004883685911614242,0.0007728573521279022,40.44125920670209,0.3998361764403761,0.5878757776555824,4.178043626882189,0.03494619977873379,0.7118202967207317,39.04609142512946,41.836426988274724,4.238246887918927,32.13429530638099,48.74822310702319,39.65759470116275,41.224923712241434,0.0,,0.0,0.0,0.0,,,0.0,0.0,0.0,0.0,0.0,0.0,0.0,2.158,,0.622315959194268,0.9973687264775051,0.0005773144656648354,0.007399790468947551,0.009662863174353706,0.001812378313776187,0.004979065326649302,0.012083588316651954,0.0006305723824342781,0.0006305723824342781,40.442281353461574,40.442281353461574,0.0,0.6223160972654782,0.9973687253099208,0.0007749099968241481,38.686143799445944,0.0,1.2864249009349045,0.9887562030405961,0.14200896819114048,2.2222355656182837,0.023782192515681706,0.14398659565239152,15.358792233676763,15.923219688634138,2.22689538344898,11.27629100959545,20.00572091271545,6.208762352573797,0.7152128041209305
24.316666666666666,1459.0,0.0006164176557117403,2.0089758250645886e-05,0.0005770424530823579,0.0006557928583411227,2.3441894806771672e-05,6.424468673112026e-05,1.309892515378311e-06,3.090043101807784e-05,0.0005558528109163078,0.0006769825005071728,7.128966552230952e-05,0.00047668991128801367,0.0007561454001354669,40.83090220971315,0.47894130882698455,0.5283770010205783,4.253517945712341,0.0351611177232391,0.7140051377321823,39.43145213975807,42.23035227966823,4.313028895243444,32.377365575036,49.2844388443903,39.892194493703784,41.76960992572252,0.0,,0.0,0.0,0.0,,,0.0,0.0,0.0,0.0,0.0,0.0,0.0,2.158,,0.7442412188617905,0.9963035211985689,0.0005968567584535118,0.007253609583142946,0.009593288076280713,0.0018049073216803023,0.0048858304792184365,0.011961067180205221,0.0006165062837565263,0.0006165062837565263,40.82930481007553,40.82930481007553,0.0,0.7442416662475188,0.996303516754439,0.0007749099968241481,38.71300612996985,0.0,1.4579584980144942,0.985814289102271,0.09842112687290298,2.245484642765629,0.023829025798896352,0.10126470602068884,15.554877006463395,15.951834654064493,2.2477668521405287,11.347732800068506,20.15897886045938,6.208762352573797,0.7152128041209305
24.65,1479.0,0.0006289631627902362,1.7652386490745576e-05,0.0005943651210271935,0.000663561204553279,2.255875973907974e-05,6.46884049761815e-05,1.3234463233918337e-06,2.8675004794334057e-05,0.0005727601533933415,0.000685166172187131,7.0759067534257e-05,0.0004902753904230925,0.00076765093515738,40.70372106325017,0.41080930028607565,0.4839136612407517,4.163719222950837,0.03514611083835053,0.6357452019827013,39.45766046736408,41.949781659136264,4.211974564193657,32.448250917430606,48.959191209069736,39.89854963017536,41.50889249632498,0.0,,0.0,0.0,0.0,,,0.0,0.0,0.0,0.0,0.0,0.0,0.0,2.158,,0.6422309892266671,0.9972168990782373,0.0005241061692291761,0.007545409813951451,0.009599905997329822,0.001770646212008763,0.005102191330103461,0.012043124481177812,0.0006288771287343882,0.0006288771287343882,40.70509886898561,40.70509886898561,0.0,0.6422314368481019,0.9972168951987108,0.0007749099968241481,38.74046929555895,0.0,1.3159015177115156,0.9883159551392636,0.2178344326451286,2.235869421700449,0.023893772294864776,0.2191409418623182,15.478320529854678,16.337353021954964,2.2465829215266915,11.504534249712506,20.311139302097136,6.208762352573797,0.7152128041209305
24.983333333333334,1499.0,0.0005978825609811653,1.647126899921021e-05,0.0005655994669630422,0.0006301656549992883,2.749951446040459e-05,6.202480864933417e-05,1.2671656321650846e-06,3.2080082710954545e-05,0.0005350055988676943,0.0006607595230946362,6.982985460910114e-05,0.00046101604594732707,0.0007347490760150035,40.794796782062825,0.4045217318018552,0.690896283367697,4.297541173647829,0.03516201706007336,0.8013812284518537,39.22408957429719,42.36550398982846,4.371621211005519,32.226419208492004,49.363174355633646,40.00194875676742,41.58764480735823,0.0,,0.0,0.0,0.0,,,0.0,0.0,0.0,0.0,0.0,0.0,0.0,2.158,,0.6282057975293713,0.9973738646363964,0.0006187467610836315,0.007065305521730643,0.009490792825178479,0.0017708164978654075,0.0048072488376383615,0.01174884950927076,0.0005979119531538558,0.0005979119531538558,40.79432998305799,40.79432998305799,0.0,0.6282058590157623,0.9973738641223241,0.0007749099968241481,38.76846272992302,0.0,1.5617111785390494,0.983770144031578,0.19188404149060617,2.273581028301311,0.023803902898134152,0.19335488401370282,15.314116640057977,16.072067785391692,2.2817880715402996,11.220787592505847,20.16539683294382,6.208762352573797,0.7152128041209305
